"","sku","unitcost","unitprice","beginstock","endstock","defective","returns"
"1",1,3.73,5.7,6714,12175,100,12
"2",2,4.13,12.22,11954,11354,158,21
"3",3,6.35,19.61,12676,13096,669,72
"4",4,7.6,12.62,13267,12354,260,53
"5",5,6.27,17.57,16358,11049,188,29
"6",6,5.67,9.68,13051,9138,169,28
"7",7,9.62,17.61,11230,18720,128,24
"8",8,9.17,26.52,14289,12873,730,205
"9",9,8.73,13.82,7397,7709,176,34
"10",10,1.88,3.32,13325,11346,789,86
"11",11,9.13,22.37,11193,10854,266,91
"12",12,5.95,12.86,12660,18146,176,38
"13",13,8.89,25.07,8101,10357,249,28
"14",14,3.94,12.5,6139,17053,80,9
"15",15,8.52,24.87,12429,9351,126,18
"16",16,3.08,10.1,13096,19098,165,61
"17",17,7.36,20.15,11029,10676,478,68
"18",18,6.32,10.18,12290,13566,136,18
"19",19,8.85,21.05,15474,9330,207,41
"20",20,2.91,10.99,18700,14844,221,31
"21",21,2.68,9.96,18186,7531,458,218
"22",22,6.82,24.61,18252,19728,188,33
"23",23,8.08,12.36,5007,6345,201,33
"24",24,1.24,3.79,12754,6311,762,119
"25",25,13.17,21.81,15106,14550,230,72
"26",26,7.17,22.91,19181,15429,282,45
"27",27,6.63,10.35,16497,7003,202,60
"28",28,3.32,7.04,9430,8245,206,52
"29",29,8.82,25.61,15517,12381,215,25
"30",30,10.88,16.35,19507,14888,830,347
"31",31,4.26,7.55,17554,6667,179,60
"32",32,7.47,24.95,9300,8212,172,51
"33",33,4.66,15.06,17115,8010,474,148
"34",34,8.4,29.9,18852,10215,345,69
"35",35,0.56,1.74,12129,9171,183,28
"36",36,12.17,25.51,17647,15112,192,31
"37",37,11.18,35.34,18004,7217,350,144
"38",38,2.22,7.15,17048,12668,263,27
"39",39,4.64,9.33,19033,10592,209,21
"40",40,8.14,30.29,16383,9150,169,32
"41",41,7.13,17.23,12963,12661,177,49
"42",42,4.93,11.12,19985,10662,568,95
"43",43,2.38,6.9,18702,13910,953,429
"44",44,4.07,12.3,7151,14147,134,42
"45",45,3.96,9.39,7095,6816,462,83
"46",46,7.92,19.43,17536,15283,486,55
"47",47,1.8,5.52,19318,11569,400,123
"48",48,7.16,18.53,8153,6085,103,12
"49",49,7.93,12.52,11986,18954,244,27
"50",50,3.04,8.56,14410,8499,369,40
"51",51,3.7,5.82,7368,7658,217,47
"52",52,7.44,24.11,12516,16251,210,35
"53",53,6.53,25.89,5675,11718,90,15
"54",54,9.29,33.06,11174,18358,132,14
"55",55,2.28,4.44,16992,14017,293,33
"56",56,4.92,11.32,9384,13761,174,24
"57",57,5.25,12.43,13288,10158,850,188
"58",58,7.24,13.79,14106,5395,176,25
"59",59,8.05,14.99,16694,10677,208,37
"60",60,10.38,37.64,13978,13682,632,143
"61",61,2.28,7.63,16683,10920,599,111
"62",62,3.67,10.5,6001,14415,68,10
"63",63,4.7,10.43,7844,19469,158,18
"64",64,13.19,20.46,5953,17133,64,27
"65",65,9.43,26.2,15595,10449,332,50
"66",66,7.62,18.16,7125,15074,451,66
"67",67,8.13,31.43,14952,12765,500,72
"68",68,5.4,9.84,17692,16873,369,56
"69",69,7.99,31.62,14861,7258,225,29
"70",70,5.24,16.85,5235,15414,106,12
"71",71,4.41,7.69,9822,9006,120,23
"72",72,7.1,11.1,11626,6822,302,39
"73",73,13.3,47.78,9425,7828,149,16
"74",74,3.27,5.95,14473,11487,257,27
"75",75,3.85,8.29,13020,7743,277,57
"76",76,12.79,39.82,8720,18185,107,27
"77",77,2.24,8.57,13793,19896,199,79
"78",78,8.45,17.43,5963,18487,98,44
"79",79,4.33,9.56,6940,14570,122,33
"80",80,6.09,11.98,19385,8327,246,46
"81",81,8.22,19.38,16582,10054,166,50
"82",82,7.67,12.27,10490,15900,191,21
"83",83,9.25,20.71,15871,12661,184,42
"84",84,1.24,4.65,14906,13681,733,159
"85",85,0.13,0.26,12260,19804,166,21
"86",86,7.08,23.14,6669,9753,112,22
"87",87,8.81,29.5,8773,9355,92,11
"88",88,4.32,15.03,14350,18970,301,45
"89",89,7.4,25.7,5350,5932,58,8
"90",90,3.99,7.9,9129,13125,111,20
"91",91,2.48,7.14,9967,12007,872,119
"92",92,9.16,29.48,10203,12147,154,47
"93",93,5.11,18.21,5536,5005,62,9
"94",94,5.33,14.9,19191,8233,300,52
"95",95,7.09,20.81,11914,14863,575,63
"96",96,1.74,3.5,17599,11546,589,83
"97",97,7.46,18.9,13726,6755,281,80
"98",98,5.8,21.33,19541,10693,352,60
"99",99,4.18,9.6,6544,7687,123,55
"100",100,8.07,19,5341,9374,191,21
"101",101,7.27,22.08,8652,6076,160,18
"102",102,6.03,15.67,19794,17452,981,127
"103",103,6.59,20.46,8580,14226,113,31
"104",104,12.14,28.47,17441,18678,184,46
"105",105,6.53,20.23,17774,6451,1117,217
"106",106,7.72,12.08,10879,7379,532,139
"107",107,2.21,8.51,5078,11923,500,149
"108",108,5.49,15.58,13975,11793,258,28
"109",109,2.63,8.41,10779,13539,118,18
"110",110,5.36,13.21,5336,15321,135,42
"111",111,3.18,9.3,6631,16546,169,20
"112",112,8.32,25.88,14390,5485,254,28
"113",113,3.09,8.42,7292,15568,142,22
"114",114,6.48,25.16,12936,12544,511,85
"115",115,4.74,15.03,10242,9144,156,21
"116",116,9.92,34.12,19173,12765,222,35
"117",117,9.36,19.88,15755,16966,382,82
"118",118,6.39,20.69,12009,10159,286,61
"119",119,8.46,25.43,15591,6018,514,90
"120",120,5.51,20.66,19910,14191,201,88
"121",121,5.51,10.66,5605,12296,164,28
"122",122,6.62,13.04,13199,15162,182,60
"123",123,9.87,26.3,17703,19938,454,62
"124",124,5.91,19.12,10235,11519,139,21
"125",125,5.74,18.56,5047,16060,164,31
"126",126,6.68,14.97,11039,15201,188,33
"127",127,7.64,27.25,7250,10504,97,13
"128",128,8.59,34.14,19456,9379,256,111
"129",129,11.45,42.14,5620,15161,61,15
"130",130,2.11,3.38,19639,16132,423,117
"131",131,7.24,22.4,5482,12634,403,63
"132",132,4.61,10.09,12664,5651,285,60
"133",133,5.25,14.11,15613,16720,326,47
"134",134,8.49,26.1,16546,17159,304,83
"135",135,4.17,6.51,16795,15952,258,38
"136",136,5.28,8.32,10015,5338,338,78
"137",137,8.96,19.27,8766,15047,113,18
"138",138,2.71,7.6,11983,17211,166,26
"139",139,9.23,30.46,9358,18431,378,65
"140",140,7.97,29.34,19829,9062,1071,156
"141",141,9.72,25.78,12341,16444,174,21
"142",142,3.05,7.95,7979,5185,120,15
"143",143,4.34,15.04,13245,13885,260,95
"144",144,8.9,28.29,12247,13267,408,85
"145",145,6.42,16.57,13239,10335,178,35
"146",146,8,28.8,16554,10059,253,30
"147",147,6.59,23.7,16626,9707,170,33
"148",148,1.31,3.16,12615,6053,323,59
"149",149,4.2,11.36,10913,18312,341,143
"150",150,8.34,31.33,11445,8319,254,35
"151",151,3.21,12.11,19487,16327,302,42
"152",152,7.21,22.63,5815,12885,80,8
"153",153,9.12,16.3,7807,7780,88,15
"154",154,4.13,11.75,7733,11189,241,33
"155",155,4.31,15.39,13342,19873,178,28
"156",156,9.32,14.65,11615,11681,222,27
"157",157,5.74,9.05,11489,16251,202,52
"158",158,4.07,10.39,9581,14505,421,46
"159",159,14.9,32.67,7911,5319,83,17
"160",160,10.21,40.15,6203,8496,72,17
"161",161,9.69,25.25,19540,10147,701,89
"162",162,3.18,11.83,19233,10587,301,34
"163",163,13.11,28.2,6302,18316,65,10
"164",164,6.75,25.51,18169,9882,272,93
"165",165,6.18,21.52,10603,10849,128,28
"166",166,12.42,47.88,14587,16176,348,93
"167",167,8.2,12.38,13607,17194,224,41
"168",168,6.66,12.48,9635,5738,506,72
"169",169,5.18,11.84,18763,6116,1048,139
"170",170,8.42,22.09,17479,6761,789,104
"171",171,6.84,13.16,14224,7417,157,34
"172",172,5.56,17.19,12923,8075,230,91
"173",173,2.76,6.27,11357,5787,180,60
"174",174,5.39,19.82,16009,16162,253,32
"175",175,13.29,40.68,14540,19019,636,69
"176",176,1.23,3.72,19158,11481,283,37
"177",177,5.3,18.5,17433,13745,445,86
"178",178,1.37,2.17,9368,8197,122,43
"179",179,8.92,30.3,9514,16003,321,88
"180",180,0.85,2.95,7707,16694,231,33
"181",181,10.89,37.08,13227,5769,706,77
"182",182,5.15,12.26,11361,15310,253,116
"183",183,5.7,14.12,17865,16659,529,198
"184",184,4.43,14.79,11043,14585,396,160
"185",185,5.94,16.7,12275,17587,154,21
"186",186,7.8,16.3,10143,5962,539,68
"187",187,9.12,23,5332,13854,55,22
"188",188,4.49,16.33,8623,6199,102,19
"189",189,6.42,24.81,10252,5413,308,37
"190",190,3.97,11.46,10549,10221,787,112
"191",191,1.27,3.18,10979,18797,141,15
"192",192,8.9,14.88,16637,10165,521,244
"193",193,5.27,8.82,11569,16001,142,18
"194",194,0.58,1.06,13568,7377,293,84
"195",195,3.94,13.97,16525,10847,1163,224
"196",196,4.31,16.81,7546,9040,121,19
"197",197,11.07,23.78,19258,7401,984,101
"198",198,5.29,18.06,18881,7815,490,138
"199",199,7.17,17,10769,17905,639,108
"200",200,5.13,9.8,6342,5252,208,63
"201",201,13.23,34.13,13929,19776,274,49
"202",202,5.23,14.17,19431,14854,459,182
"203",203,4.06,11.46,16389,12417,901,289
"204",204,9.43,23.29,12539,13097,208,49
"205",205,3.92,12.03,10579,11845,124,13
"206",206,4.6,11.89,18321,5567,823,389
"207",207,5.43,10.74,16875,17293,1267,247
"208",208,9.17,24.85,17378,19487,236,26
"209",209,4.29,13.36,19029,17111,201,30
"210",210,6.73,21.25,6429,19741,129,22
"211",211,6.7,16.76,15769,18702,1287,139
"212",212,7.55,14.67,12003,19359,295,32
"213",213,1.32,4.15,8146,19716,162,41
"214",214,2.49,7.88,12446,8771,348,39
"215",215,7,18.61,9520,19338,316,40
"216",216,4.75,12.5,12575,11506,234,32
"217",217,7,20.53,12268,18750,188,41
"218",218,5.74,9.98,12895,7759,146,58
"219",219,6.76,21.39,13660,19425,357,73
"220",220,9.4,31.21,9784,6845,246,30
"221",221,5.53,15.67,18480,17175,224,105
"222",222,7.66,15.93,13209,11198,209,24
"223",223,7.87,31.41,6742,16335,197,55
"224",224,9.98,19.89,14034,6999,260,31
"225",225,2.01,7.36,19680,6542,287,39
"226",226,10.03,39.15,8469,15966,103,25
"227",227,0.89,3.04,13792,11055,152,72
"228",228,3.05,8.84,5040,18508,169,68
"229",229,11.53,24.2,8934,9265,139,15
"230",230,10.66,17.51,9787,6165,146,19
"231",231,9.85,14.9,19878,10840,335,104
"232",232,9.8,28.6,16215,14278,332,124
"233",233,1.12,4.43,18812,16752,224,68
"234",234,6.33,14.74,14862,6779,366,53
"235",235,9.36,29.25,10313,18729,114,25
"236",236,9.41,34.41,10800,15113,438,82
"237",237,4.22,11.53,12102,8964,277,38
"238",238,4.46,10.79,10979,5546,174,64
"239",239,6.84,12.06,13262,10795,297,89
"240",240,2.19,3.97,19107,14534,553,150
"241",241,7.94,12.61,10656,15028,168,23
"242",242,0,0,16090,14245,349,68
"243",243,3.64,6.21,5988,16902,138,14
"244",244,6.9,12.27,19770,18148,859,188
"245",245,9.35,32.71,7232,14669,92,18
"246",246,7.64,28.68,17362,17544,195,21
"247",247,12.29,43.8,7492,13429,114,17
"248",248,5.76,13.51,7057,5636,101,12
"249",249,5.99,17.59,19555,7626,215,78
"250",250,7.1,25.07,5332,11786,63,9
"251",251,1.95,6.81,11866,5598,234,41
"252",252,3.36,12.57,12520,11189,396,75
"253",253,1.2,1.84,10514,11898,238,32
"254",254,3.75,12,10020,10972,473,138
"255",255,2.16,3.85,7568,12414,85,11
"256",256,7.99,28.87,7579,8272,329,48
"257",257,3.72,13.78,17073,8745,468,110
"258",258,3.03,10.85,6766,18106,92,11
"259",259,8.1,12.76,10547,15516,116,42
"260",260,3.6,7.99,14783,18796,182,20
"261",261,5.23,14.98,14323,18231,214,59
"262",262,5.77,22.24,11723,15023,188,83
"263",263,7.36,27.32,17937,12962,189,40
"264",264,6.99,12.38,13945,6563,591,59
"265",265,8.78,32.42,18237,10523,456,74
"266",266,6.49,12.13,11514,16520,213,34
"267",267,7.33,11.04,11291,15152,125,32
"268",268,5.24,9.46,13358,15531,456,93
"269",269,3.68,14.63,17254,19925,208,39
"270",270,10.2,19.7,7609,7278,407,111
"271",271,1.8,3.04,15314,13136,253,27
"272",272,10.93,28.86,8954,12762,147,16
"273",273,3.55,9.14,5384,8256,62,10
"274",274,8.32,20.38,17589,11937,186,31
"275",275,5.67,21.46,7577,16405,226,47
"276",276,3.38,8.12,12694,14926,195,23
"277",277,9.11,32.56,14581,18991,395,42
"278",278,5.79,21.66,13462,19172,155,38
"279",279,1.57,6.03,16779,13891,309,35
"280",280,5.03,16.4,15093,8309,245,30
"281",281,5.79,22.8,10970,16304,225,26
"282",282,2.25,8.53,19872,19537,428,54
"283",283,0.67,2.21,13491,13014,147,19
"284",284,1.4,3.65,17791,9896,266,59
"285",285,5.67,10.15,5489,17594,63,11
"286",286,9,23.34,8397,8391,317,53
"287",287,5.26,14.33,15360,10032,399,112
"288",288,10.98,31.36,8129,9647,101,15
"289",289,3.41,11.01,18413,8725,320,147
"290",290,5.11,14.48,15698,15376,460,108
"291",291,4.76,14.97,19387,13077,286,41
"292",292,6.87,25.34,12927,11476,494,90
"293",293,8.45,22.11,7814,18914,130,15
"294",294,5.83,18.51,12185,13157,195,32
"295",295,10.06,17.52,15386,10712,441,72
"296",296,7.99,13.01,10672,5406,216,43
"297",297,8.95,16.85,17116,17423,796,92
"298",298,7.43,18.75,7685,6854,183,20
"299",299,5.01,14.12,16129,17169,198,27
"300",300,6.47,20.59,12530,17649,274,58
"301",301,4.71,11.64,11736,5784,165,23
"302",302,6.59,16.34,14278,15825,425,67
"303",303,2.28,6.84,7543,17945,135,45
"304",304,7.08,18.65,13311,6777,227,29
"305",305,4.89,8.53,18441,12224,382,92
"306",306,4.13,14.33,15221,16843,594,154
"307",307,4.37,16.62,8019,11955,243,33
"308",308,5.97,9.59,19324,11409,240,39
"309",309,2.33,5.05,16548,9994,305,32
"310",310,7.89,21.05,14925,14837,307,110
"311",311,2.91,5.04,9447,13588,119,17
"312",312,2.91,6,5538,5639,75,8
"313",313,8.2,29.41,18333,19949,229,24
"314",314,6.28,16.16,12412,11824,261,57
"315",315,3.15,10.65,12368,13014,290,90
"316",316,4.44,16.78,10902,8417,660,68
"317",317,9.36,19.37,5129,7932,134,21
"318",318,7.57,17.63,15198,17655,215,101
"319",319,1.79,7.09,7453,10923,81,10
"320",320,6.34,24.86,9387,9893,357,51
"321",321,8.03,31.62,17402,5807,493,105
"322",322,3.01,9.26,6306,10424,64,9
"323",323,8.65,26.9,15710,18298,414,54
"324",324,5.44,10.16,12072,14946,329,108
"325",325,6.11,18.33,18593,7910,475,98
"326",326,6.37,10.17,5835,15783,213,94
"327",327,5.3,9.41,14329,15645,248,25
"328",328,10.34,25.08,16161,18736,421,43
"329",329,0.5,1.66,13617,14127,207,23
"330",330,4.35,14.93,10906,18694,214,24
"331",331,6.42,18.77,15345,16533,589,117
"332",332,7.54,14.87,13060,10106,211,22
"333",333,12.01,39.19,16847,13526,532,234
"334",334,0.82,2.16,17991,5796,230,29
"335",335,8.8,29.99,8541,15846,206,29
"336",336,10.5,28.52,11153,16529,164,18
"337",337,9.96,29.64,5753,7435,148,25
"338",338,0.88,3.13,14485,12248,504,57
"339",339,5.41,9.36,9804,8665,126,14
"340",340,5.07,17.3,11391,10362,149,21
"341",341,6.4,10.93,6818,14517,89,14
"342",342,5.49,20.16,9965,16524,157,49
"343",343,3.63,12.2,18129,15810,745,108
"344",344,7.75,27.68,10221,7744,130,37
"345",345,1.81,2.84,18782,14488,421,85
"346",346,6.21,14.49,12217,18457,272,29
"347",347,5.27,15.07,18756,13965,227,26
"348",348,1.12,2.65,8836,10118,143,23
"349",349,6.99,20.71,10504,5073,384,46
"350",350,10.61,20.4,9526,16345,537,83
"351",351,3.63,12.34,11654,8420,1021,187
"352",352,4.68,13.27,8394,10153,325,59
"353",353,4.5,14.64,14508,12424,152,17
"354",354,0.31,0.71,7281,16304,402,181
"355",355,7.91,25.71,15296,12214,489,158
"356",356,10.4,31.93,11507,14692,594,121
"357",357,7.11,27.6,16137,16092,502,67
"358",358,7.03,23.28,19854,13040,567,74
"359",359,5.46,21.81,18523,13399,468,199
"360",360,6.28,19.13,11991,15908,280,34
"361",361,9.33,22.04,10498,12259,798,93
"362",362,5.85,12.52,17168,7061,182,36
"363",363,7.72,24.01,15978,16512,239,24
"364",364,6.99,24.5,17720,13491,191,56
"365",365,7.84,12.44,10257,11934,372,45
"366",366,5.82,22.72,17142,15339,172,86
"367",367,10.12,35.37,19565,15568,786,95
"368",368,5.81,16.99,19947,16145,1381,293
"369",369,10.2,21.73,17855,5898,199,47
"370",370,9.07,30.05,16440,6916,195,31
"371",371,8.18,21.47,15353,7617,231,54
"372",372,0.25,0.8,19867,5711,871,362
"373",373,3.04,9.34,18496,7853,216,77
"374",374,2.04,7.52,19197,8845,319,52
"375",375,6.41,15.51,9253,17337,125,55
"376",376,12.18,21.16,17105,19190,1153,376
"377",377,5.78,17.14,9586,18695,160,48
"378",378,3.43,11.89,9930,19034,162,24
"379",379,3.55,13.95,11295,10440,116,13
"380",380,5.57,12.14,9909,7402,133,37
"381",381,4.97,13.35,15220,5595,664,197
"382",382,5.59,20.53,15166,14497,1073,377
"383",383,1.64,6.21,15192,18720,518,229
"384",384,5.65,15.05,14874,6427,250,31
"385",385,2.13,3.27,13346,5642,555,60
"386",386,9.2,24.99,18991,18033,489,97
"387",387,1.58,5.29,12004,10911,856,258
"388",388,5.48,8.34,8594,18815,273,113
"389",389,0.08,0.28,18220,10282,597,146
"390",390,8.76,29.3,13067,17408,189,22
"391",391,3.43,9.47,8807,18483,194,61
"392",392,14.06,33.28,5813,6590,113,14
"393",393,5.19,10.8,11983,18226,228,77
"394",394,7.6,22.75,8784,5714,176,21
"395",395,2.05,7.41,8704,16089,95,28
"396",396,4.94,17.04,12403,19190,162,21
"397",397,2.9,9.15,18182,19747,1483,172
"398",398,3.54,8.43,17398,11078,346,51
"399",399,9.44,36.94,18742,7092,209,68
"400",400,4.57,16.02,14635,11276,834,395
"401",401,6.83,12.09,6265,12653,140,18
"402",402,7.65,28.82,19831,18834,235,26
"403",403,2.35,9.14,19174,15697,384,72
"404",404,10.87,35.06,17616,9049,234,25
"405",405,3.03,4.92,15385,10516,233,30
"406",406,3.93,15.02,10914,6556,236,27
"407",407,8.87,16.73,12197,13449,860,290
"408",408,4.64,8.94,10178,18508,117,32
"409",409,5.56,21.92,6589,5932,81,24
"410",410,5.28,17.84,11635,16781,525,96
"411",411,6.82,15.18,16587,17436,208,35
"412",412,9.07,25.46,13951,13994,365,65
"413",413,5.59,16.22,10669,18213,108,29
"414",414,7.75,14.38,18041,18197,239,31
"415",415,7.46,16.75,19104,13713,736,322
"416",416,9.69,23.15,6010,6263,89,22
"417",417,4.9,17.59,19380,6081,910,177
"418",418,2.11,5.94,12916,10579,253,119
"419",419,8.03,31.51,17597,10727,183,22
"420",420,7.55,18.97,14558,10946,239,40
"421",421,3.85,7.58,7842,7931,123,55
"422",422,9.65,37.94,18505,8867,414,71
"423",423,9.69,35.62,17331,7076,228,23
"424",424,7.4,11.23,14253,15433,161,39
"425",425,10.78,30.14,15048,6140,230,29
"426",426,6.75,10.23,6434,7738,247,103
"427",427,10.91,32.6,7966,13567,88,11
"428",428,4.21,9.2,13918,8377,281,29
"429",429,5.25,13.05,10060,16713,222,24
"430",430,7.84,13.27,14664,14490,359,53
"431",431,5.2,8.01,11692,14199,341,115
"432",432,4.17,14.98,7619,13499,203,31
"433",433,5.01,18.23,14533,11669,503,99
"434",434,6.43,23.09,8917,12108,259,93
"435",435,4.41,17.17,15902,5279,510,54
"436",436,14.05,38.62,11438,16557,731,192
"437",437,9.26,18.71,16554,9031,314,103
"438",438,10.57,25.25,16446,8555,249,31
"439",439,8.44,31.98,18779,11127,569,171
"440",440,9.76,26.21,12090,12670,164,46
"441",441,10.99,28.57,8156,13219,138,24
"442",442,9.14,19.56,8546,15983,374,69
"443",443,5.82,16.59,12196,10659,336,69
"444",444,1.77,3.42,17180,18064,437,57
"445",445,1.53,4.56,13316,14102,965,374
"446",446,9.8,26.85,15019,14475,1250,133
"447",447,8.4,29.26,15491,18286,1060,154
"448",448,9.82,21.08,10327,15982,264,46
"449",449,11.59,40.33,17382,15101,176,25
"450",450,4.84,14.67,18613,14024,306,93
"451",451,7.57,19.13,15217,8083,160,50
"452",452,9.11,27.4,5160,15870,71,9
"453",453,9.62,33.81,18470,10430,1516,182
"454",454,2.35,8.62,17767,8275,186,19
"455",455,8.07,14.96,7851,12409,174,72
"456",456,6.8,18.11,13136,8765,135,53
"457",457,7.83,28.1,13787,10821,1113,203
"458",458,5.03,13.22,9618,6053,270,35
"459",459,8.06,12.65,7841,13036,488,56
"460",460,5.17,9.03,16015,5670,171,27
"461",461,3.02,8.3,16286,15535,265,53
"462",462,1.98,3.73,18417,18856,683,70
"463",463,6.03,11.49,11327,17462,133,49
"464",464,3.25,8.21,7990,12339,234,24
"465",465,5.53,21.79,11865,13512,170,19
"466",466,2.42,6.54,10967,11581,304,46
"467",467,3.22,6.26,6841,12477,93,40
"468",468,5.02,15.14,13554,16472,714,188
"469",469,4.28,8.06,14274,5641,198,28
"470",470,2.78,4.18,16872,19908,1014,106
"471",471,3.15,6.26,19750,13268,422,142
"472",472,2.6,10,11199,16454,139,16
"473",473,10.5,21.1,14737,15219,507,150
"474",474,6.79,15.93,14091,11695,520,57
"475",475,8.29,26.27,18388,14620,203,34
"476",476,7.64,19.32,5055,16509,90,13
"477",477,8.73,29.71,13569,14394,212,49
"478",478,10.98,29.03,8743,11819,128,37
"479",479,8.69,21.36,10689,7359,189,35
"480",480,11.08,35.5,9807,11018,146,21
"481",481,3.69,12.96,16957,19958,283,39
"482",482,4.49,14.78,8167,13347,103,15
"483",483,3.4,6.17,19996,18959,325,85
"484",484,5.52,12.39,15447,14550,740,132
"485",485,1.91,5.41,8790,13934,128,41
"486",486,2.77,5.34,9308,9795,153,27
"487",487,3.37,11.36,18396,7226,202,34
"488",488,5.1,15.93,9251,17028,807,397
"489",489,4.01,6.2,12336,9047,153,19
"490",490,6.28,15.4,8170,12697,105,22
"491",491,2.09,6.09,5275,13170,63,8
"492",492,6.02,10.88,17399,7245,652,116
"493",493,10.91,32.5,14223,12890,148,21
"494",494,11.54,21.51,14543,6766,1002,160
"495",495,6.89,25.47,12206,10761,241,50
"496",496,6.78,23.79,19317,11208,243,35
"497",497,2.15,5.04,10205,12981,328,40
"498",498,6.57,15.99,6822,18645,635,67
"499",499,7.61,15.08,5266,7380,379,51
"500",500,9.16,15.36,13264,11003,385,51
"501",501,3.42,5.68,7268,15569,74,9
"502",502,13.19,22.77,6369,15935,112,37
"503",503,8.76,27.21,9329,13031,94,19
"504",504,5.29,16.26,19579,15184,730,85
"505",505,2.09,5.27,7842,18626,229,79
"506",506,4.86,14.3,14497,15846,196,24
"507",507,9.17,24.8,9770,6831,465,55
"508",508,3.13,6.39,7018,15963,646,150
"509",509,11.14,38.92,19285,19849,328,48
"510",510,4.43,13.21,5971,7587,163,26
"511",511,5.52,15.99,15743,18997,162,38
"512",512,8.95,17.24,6148,12287,63,10
"513",513,8.07,31.37,9784,8872,628,135
"514",514,8.41,27.04,13557,5672,331,37
"515",515,9.82,15.92,13529,17696,241,32
"516",516,10.44,18.76,10871,19566,364,40
"517",517,4.79,18.74,8388,11344,162,21
"518",518,8.33,18.31,11140,19256,156,32
"519",519,11.64,39.95,8134,9432,123,15
"520",520,0.39,0.74,18101,16230,306,34
"521",521,8.94,35.21,8653,7981,202,59
"522",522,6.95,20.17,8002,6199,302,44
"523",523,5.5,21.93,18616,14825,391,155
"524",524,8.6,32.01,15829,14344,750,110
"525",525,4.99,8.97,14612,16976,709,113
"526",526,8.3,28.16,13099,17090,228,33
"527",527,0.26,0.58,6860,18869,71,14
"528",528,1.72,6.85,13066,7368,559,63
"529",529,8.47,16.88,11851,6542,289,73
"530",530,8.31,27.5,10220,6746,115,16
"531",531,7.97,20.12,6789,15346,116,14
"532",532,9.57,35.8,11474,8377,405,45
"533",533,8.5,20.29,18478,19782,973,172
"534",534,7.13,21.84,13582,9881,186,75
"535",535,7.65,26.66,18713,9414,1109,207
"536",536,0.43,1.16,8126,6743,84,12
"537",537,7.01,18.05,18081,14996,937,139
"538",538,2.73,8.98,9211,15897,122,42
"539",539,8.52,22.51,17162,5110,195,23
"540",540,5.64,19.72,11060,16603,129,16
"541",541,5.15,11.43,16625,10187,718,294
"542",542,2.43,7.74,7109,18983,102,14
"543",543,2.84,8.17,8148,18734,106,30
"544",544,8.5,14.31,14409,14090,288,54
"545",545,2.85,4.46,5961,12198,70,14
"546",546,9.34,27,17648,15099,387,45
"547",547,8.89,25.78,17841,5628,412,72
"548",548,8.39,21.23,11620,18425,206,22
"549",549,6.67,15.08,16346,12213,885,151
"550",550,8,18.58,18755,9632,330,102
"551",551,10.87,30.26,14125,14902,578,61
"552",552,3.4,12.74,13371,16759,153,35
"553",553,5.84,9.81,5876,15012,72,8
"554",554,1.65,3.35,11871,10357,889,239
"555",555,6.78,19.33,18572,13158,1095,217
"556",556,5.5,18.65,8016,10748,205,23
"557",557,3.12,7.68,14127,7266,674,90
"558",558,4.33,6.65,17080,5156,343,40
"559",559,6.62,14.65,6280,12557,201,59
"560",560,4.17,8.26,8122,11741,184,28
"561",561,6.97,25.01,17406,10883,390,71
"562",562,4.36,7.24,12197,10336,149,16
"563",563,2.56,8.16,12925,11916,139,14
"564",564,10.17,21.77,14806,10037,266,28
"565",565,2.01,4.41,16767,7977,183,23
"566",566,3.76,13.26,12939,8586,163,18
"567",567,1.81,7.23,6710,17724,254,52
"568",568,8.75,19.8,16487,5745,180,25
"569",569,8.18,20.1,8977,15938,745,142
"570",570,9.64,20.7,16465,17019,192,59
"571",571,9.74,27.53,11064,13898,166,57
"572",572,8.51,33.04,14940,11397,299,40
"573",573,5.24,20.6,13688,7974,319,44
"574",574,7.69,22.51,18459,19839,196,34
"575",575,2.95,6.99,5064,13816,55,7
"576",576,2.12,3.93,18761,12242,409,107
"577",577,5.15,15.71,13011,5009,167,21
"578",578,4,15.43,12975,13498,143,26
"579",579,4.98,19.73,17140,10629,199,27
"580",580,7.74,21.52,13297,13573,483,66
"581",581,7.16,17.93,11417,18596,596,62
"582",582,4.54,16.99,16749,12479,178,19
"583",583,4.25,15.27,16791,19905,279,44
"584",584,2.59,8.39,11155,12244,370,108
"585",585,7.93,16.51,7289,17568,198,22
"586",586,1.37,4.8,17844,9674,259,28
"587",587,7.24,24.13,13990,17664,673,80
"588",588,2.02,5.46,7338,7866,142,14
"589",589,4.39,13.72,6324,15415,91,14
"590",590,8.52,13.77,14601,6942,587,105
"591",591,3.04,5.17,16410,9437,257,35
"592",592,8.49,19.4,16088,9084,1462,182
"593",593,11.81,39.82,17012,17746,257,41
"594",594,5.61,12.63,10099,17127,142,16
"595",595,8.9,34.98,5852,15720,67,31
"596",596,8.24,12.43,19516,7201,203,29
"597",597,2.01,5,14224,7396,178,48
"598",598,4.77,18.09,13733,10070,1206,452
"599",599,6.85,10.71,14409,10487,384,127
"600",600,4.39,8.1,9839,11454,180,58
"601",601,8.45,12.72,15972,5336,585,92
"602",602,4.24,9.92,13658,19168,149,21
"603",603,5.23,15,12917,11383,478,65
"604",604,0.93,3.55,14339,19683,210,35
"605",605,1.33,3.67,15029,7360,158,35
"606",606,7.32,26.89,8356,13000,95,10
"607",607,3.44,9.35,8251,14906,119,36
"608",608,6.66,26.39,17057,9068,907,103
"609",609,2.32,4.15,10162,8177,222,23
"610",610,2.06,7.73,16760,10251,206,36
"611",611,9.68,35.84,6265,13289,206,26
"612",612,5.04,19.36,11749,9560,286,49
"613",613,8.63,22.86,19342,12825,679,115
"614",614,9.52,34.35,10595,12890,270,68
"615",615,6.96,22.84,15659,6860,187,45
"616",616,2.44,8.51,14849,18141,581,98
"617",617,4.66,14.69,6497,10907,93,13
"618",618,8.98,30.07,17679,17722,333,63
"619",619,10.01,29.89,14458,16883,218,42
"620",620,12.03,33.79,12464,11753,194,81
"621",621,9.49,22.67,10889,17896,429,115
"622",622,2.43,3.76,8238,12444,125,17
"623",623,6.19,13.27,8081,6651,92,11
"624",624,11.63,27.29,7758,11720,102,28
"625",625,2.58,4.36,9264,16699,117,18
"626",626,5.02,16.03,6530,18117,74,18
"627",627,5.32,11.59,9612,18941,217,32
"628",628,2.87,6.23,9236,16399,333,40
"629",629,3.14,10.72,15253,11141,153,17
"630",630,7.43,26.09,10918,12513,114,37
"631",631,2.77,5.41,16225,11009,188,33
"632",632,9.65,22.47,11549,15202,229,24
"633",633,8.54,27.83,11783,17172,188,91
"634",634,6.96,16.97,11608,14915,132,29
"635",635,6.15,20.69,5719,18328,90,16
"636",636,4.76,12.49,17603,12388,641,69
"637",637,3.37,6.88,16259,11945,213,95
"638",638,4.81,8.93,15867,7497,428,92
"639",639,6.21,11.52,19530,17227,235,94
"640",640,8.44,23.29,15185,18078,156,20
"641",641,3.8,7.27,14886,16634,151,17
"642",642,4.24,7.76,11758,12214,166,42
"643",643,7.63,25.6,6426,10723,149,20
"644",644,9.88,15.32,16828,14398,177,28
"645",645,1.75,4.24,16155,5663,220,29
"646",646,3.4,5.29,8140,9152,304,36
"647",647,6.99,20.29,5402,12071,91,12
"648",648,10.86,17.62,6634,18787,117,14
"649",649,6.05,14.07,12926,13312,186,26
"650",650,3.61,10.7,7211,11843,325,59
"651",651,3.48,10.93,9501,7155,108,21
"652",652,2.9,9.76,9171,17059,306,31
"653",653,12.22,31.36,15595,19074,249,53
"654",654,3.4,12.09,16865,12378,224,29
"655",655,5.2,11.27,16143,17124,335,164
"656",656,11.77,36.52,10532,6399,135,14
"657",657,6.45,22.21,10362,14275,337,70
"658",658,11.71,20.66,19623,19997,207,49
"659",659,4.92,18.12,11538,10151,267,70
"660",660,2.53,8.91,18069,19963,285,60
"661",661,7.14,19.61,18794,5131,386,122
"662",662,8,17,11934,13404,129,59
"663",663,6.34,17.03,13371,18207,150,58
"664",664,7.73,22.79,11814,10236,149,26
"665",665,8.7,17.42,12880,18151,131,46
"666",666,9.77,33.78,7678,16257,149,15
"667",667,8.02,12.79,6164,5349,167,28
"668",668,8.97,28.53,7875,10638,168,24
"669",669,3.83,14.51,19554,16862,855,191
"670",670,8.42,24.54,14763,18678,335,48
"671",671,8.33,14.01,6552,8590,67,7
"672",672,9.32,25.39,12196,15082,227,37
"673",673,3.26,5.96,16345,17789,250,34
"674",674,4.11,9.09,10689,10238,112,21
"675",675,3.87,10.42,7842,11540,221,24
"676",676,13.21,39.81,9731,14740,180,66
"677",677,6.11,13.13,11119,7904,266,81
"678",678,6.44,17.48,19083,8853,291,43
"679",679,6.53,21.5,19847,16363,341,54
"680",680,3.23,10.55,13499,5642,870,135
"681",681,4.93,16.08,5693,15378,191,61
"682",682,10.02,19.58,13770,9946,168,25
"683",683,5.12,17.13,12856,15796,136,34
"684",684,4.87,14.09,17505,11887,471,167
"685",685,0.7,1.43,15538,9847,255,30
"686",686,9.89,37.07,5710,14827,59,17
"687",687,5.35,9.61,13025,19067,281,44
"688",688,2.14,7.09,16219,6818,206,27
"689",689,5.49,14.2,10038,18260,157,28
"690",690,6.31,23.22,17520,16716,426,73
"691",691,0.53,1.01,9642,5607,113,48
"692",692,6.49,20.56,11791,6186,128,38
"693",693,2.67,5.41,13237,8630,166,30
"694",694,0.12,0.27,13571,16692,545,69
"695",695,5.83,21.69,7084,17294,97,19
"696",696,3.19,11.18,9620,13151,149,16
"697",697,4.23,15,16240,8030,219,26
"698",698,3.95,10.4,16135,5613,230,109
"699",699,7.78,14.36,6854,17371,165,46
"700",700,4.37,8.02,18717,8553,599,74
"701",701,4.52,10.83,14297,13122,148,42
"702",702,5.56,12.27,12341,14231,151,18
"703",703,10.29,28.94,12842,15964,150,25
"704",704,3.11,11.56,10889,10444,801,217
"705",705,3.92,12.97,12697,12789,244,40
"706",706,9.81,34.68,5423,13726,59,7
"707",707,6.32,14.87,17039,17895,713,78
"708",708,5.21,9.27,18842,10502,250,36
"709",709,12.49,41.67,13918,15556,173,47
"710",710,3.43,5.84,19839,19384,909,123
"711",711,7.96,19.16,15680,9575,776,84
"712",712,8.54,25.72,5127,12453,138,61
"713",713,6.44,11.34,15529,9980,418,53
"714",714,2.93,6.75,8065,17575,160,16
"715",715,7.18,22.57,17051,12787,314,154
"716",716,3.15,11.38,12499,10799,168,22
"717",717,5.24,16.14,6738,12709,86,11
"718",718,1.59,4.47,7171,19171,291,34
"719",719,7.03,20.7,17168,17539,199,46
"720",720,4.77,13.27,12540,5147,592,81
"721",721,5.34,16.34,5920,15931,69,26
"722",722,2.89,10.49,7777,11179,260,30
"723",723,6.86,15.42,16599,10845,218,109
"724",724,5.6,12.56,5357,13776,78,8
"725",725,10.07,34.92,19527,12539,212,32
"726",726,8.03,16.41,19235,17117,208,36
"727",727,6.18,23.17,11162,13431,403,48
"728",728,13.18,33.51,16426,16516,189,32
"729",729,6.62,25.93,19334,7704,853,163
"730",730,5.35,21.33,17642,17733,501,98
"731",731,7.5,26.89,16613,11912,374,59
"732",732,10.38,29.96,13504,15570,163,72
"733",733,8.21,23.13,11299,8225,142,18
"734",734,12.04,43.65,6554,11059,78,15
"735",735,8.13,20.35,11899,7108,408,104
"736",736,7.17,22.28,10393,7699,278,60
"737",737,10.2,30.67,8782,17549,97,16
"738",738,0.89,1.54,12957,6454,434,215
"739",739,10.82,31.64,13884,14618,285,38
"740",740,5.72,13.87,8106,14315,88,11
"741",741,6.14,23.65,6499,6328,330,34
"742",742,5.77,18.19,9107,17151,695,164
"743",743,3.17,12.18,9216,13787,94,33
"744",744,7.65,13.98,7012,18798,99,11
"745",745,6.39,20.44,7004,13460,103,23
"746",746,6.12,11.22,12334,8370,203,46
"747",747,7.55,26.6,19623,6562,1163,134
"748",748,11.97,27.8,6749,18933,88,12
"749",749,3.41,13.05,5767,8117,213,25
"750",750,7.75,17.53,11675,16649,667,88
"751",751,7,21.78,17600,9862,182,40
"752",752,9.44,21.81,12698,13480,321,58
"753",753,1.28,3.95,7981,7562,678,100
"754",754,5.82,15,5497,10406,189,57
"755",755,9.84,19.86,15815,7628,257,28
"756",756,1.87,4.15,10752,16480,150,24
"757",757,3.87,13.63,19890,18338,207,33
"758",758,6.44,19.68,13783,8613,449,46
"759",759,6.93,24.86,13034,12660,275,28
"760",760,9.87,39.28,15712,17084,216,23
"761",761,8.87,29.96,5896,17183,67,15
"762",762,1.84,4.91,16669,11211,607,104
"763",763,4.9,8.08,8320,6020,468,50
"764",764,7.83,30.16,9833,19144,709,154
"765",765,3.86,9.2,18744,16894,194,31
"766",766,7.54,26.35,17347,13087,216,28
"767",767,4.55,11.14,12914,16567,180,28
"768",768,2.83,11.04,10780,8330,195,23
"769",769,6.99,24.89,12128,9138,540,168
"770",770,7.41,15.35,18896,11876,222,42
"771",771,6.54,15.64,13876,19622,294,29
"772",772,3.56,6.01,19864,7469,235,117
"773",773,8.4,16.94,9491,16352,97,17
"774",774,0.64,2.03,10287,12362,204,70
"775",775,3.27,11.28,9230,11901,215,22
"776",776,10.75,28.7,8042,10852,112,47
"777",777,3.38,8.63,5862,10608,92,16
"778",778,5.36,8.49,14422,8310,387,52
"779",779,4.23,16.25,14807,19939,314,41
"780",780,6.19,18.89,16850,5444,268,37
"781",781,6.79,11.87,8030,9487,123,25
"782",782,6.48,22.98,15350,6595,414,64
"783",783,1.35,2.48,9695,11176,160,28
"784",784,6.61,16.61,5390,11025,138,16
"785",785,7.96,30.72,12298,10488,519,57
"786",786,11.68,44.14,18231,19415,399,63
"787",787,8.24,22.45,6842,6427,282,98
"788",788,6.18,11.49,7014,5991,180,23
"789",789,3.78,9.41,19731,8420,434,52
"790",790,3.01,5.32,17390,6849,671,178
"791",791,9.39,32.35,9251,7803,747,79
"792",792,6.79,19.28,13392,16336,314,43
"793",793,6.4,25.21,13292,14305,303,51
"794",794,8.86,21.63,12916,6329,388,41
"795",795,8.37,32.99,8724,8141,89,33
"796",796,6.97,26.23,17088,9206,225,23
"797",797,5.04,16.35,11692,15504,1010,142
"798",798,8.71,17.86,5263,15870,71,9
"799",799,1.82,5.64,16551,16954,279,43
"800",800,4.39,13.98,13912,10158,359,76
"801",801,10.7,19.96,12171,14927,291,35
"802",802,7.75,28.45,11095,6077,154,20
"803",803,5.2,13.21,13194,13646,355,69
"804",804,7.85,29.83,11911,15331,124,27
"805",805,3.9,9.12,9529,14365,175,24
"806",806,1.95,4.85,17791,5967,292,40
"807",807,2.46,8.91,18974,13170,630,116
"808",808,2.69,6.17,14973,8188,191,49
"809",809,2.45,6.55,16916,5580,249,25
"810",810,7.47,13.12,11810,6878,138,25
"811",811,9.21,17.67,17815,10854,248,30
"812",812,3.97,7.61,8858,15477,150,15
"813",813,9.11,20.59,5258,12362,167,25
"814",814,3.9,13.14,18899,15919,243,59
"815",815,0.89,2.11,5233,7590,155,57
"816",816,4.08,14.05,17328,13081,385,48
"817",817,6.82,22.84,13674,9715,142,48
"818",818,5.34,10.31,10483,6541,116,52
"819",819,7.55,25.12,14919,13694,230,41
"820",820,2.54,9.73,18907,18964,262,72
"821",821,7.87,16.9,11707,12844,143,23
"822",822,6.22,16.56,15894,7529,540,166
"823",823,6.64,19.91,6085,8653,226,108
"824",824,5.77,10.45,8064,5704,144,15
"825",825,1.56,5.64,9548,14196,129,31
"826",826,1.55,3.44,8367,6626,280,50
"827",827,2.31,4.46,19151,19935,421,93
"828",828,5.84,21.83,19280,16907,865,112
"829",829,8.15,14.15,18086,9817,465,50
"830",830,12.38,20.53,7467,11735,97,37
"831",831,3.73,6.7,14539,16667,564,73
"832",832,9.47,15.63,17051,5005,457,52
"833",833,1.14,4.47,19996,7050,851,161
"834",834,0.96,1.92,13989,10827,153,16
"835",835,9.44,25.7,7559,6322,85,9
"836",836,5.72,14.05,12722,13067,184,20
"837",837,5.78,11.47,7649,19292,372,57
"838",838,4.28,13.7,8685,14346,209,63
"839",839,10.23,31.27,13359,6549,473,157
"840",840,12.06,24.39,5404,16779,81,10
"841",841,8.7,33.92,8191,16140,218,37
"842",842,3.98,7.67,9976,15481,105,14
"843",843,0.2,0.31,15428,8680,198,80
"844",844,9.02,24.14,11925,9666,240,70
"845",845,7.57,28.89,9061,17351,553,184
"846",846,6.53,14.72,14953,5646,392,57
"847",847,9.29,31.23,19381,13149,370,42
"848",848,2.38,3.96,6657,6125,238,40
"849",849,3.38,5.18,7949,9653,123,13
"850",850,5.62,17.22,8124,18972,188,30
"851",851,9.53,27.57,13257,14563,267,46
"852",852,7.47,13.34,7532,7161,88,9
"853",853,3.15,7.46,10188,19559,216,81
"854",854,4.56,7.84,6245,14265,411,54
"855",855,7.91,16.95,13674,18499,187,21
"856",856,7.55,21.18,16336,11206,215,75
"857",857,3.55,11.16,14453,16744,254,27
"858",858,3.21,12,14506,5435,318,135
"859",859,5.1,7.86,6261,18321,74,30
"860",860,4.19,12.55,13572,10595,182,28
"861",861,6.64,21.86,15249,11091,194,76
"862",862,8.35,26.21,15234,6036,790,82
"863",863,8.97,30.41,19863,5951,402,139
"864",864,11.17,36.09,10149,14275,921,111
"865",865,5.89,13.47,8282,17067,212,22
"866",866,6.75,25.3,7885,6676,110,13
"867",867,4.4,15.24,18515,13645,195,31
"868",868,3.36,7.94,18778,12173,277,28
"869",869,3.16,11.68,8442,8192,289,43
"870",870,10.76,23.97,5812,13118,86,9
"871",871,13.08,36.47,6397,6361,192,44
"872",872,4.95,14.02,9041,17664,123,43
"873",873,7.87,23.35,7640,17069,143,15
"874",874,9.42,31.19,11330,6822,255,109
"875",875,2.46,4.27,15759,16865,330,45
"876",876,8.72,16.46,5826,7402,153,27
"877",877,5.57,15.29,5541,14949,189,40
"878",878,8.74,26.33,14113,12900,177,28
"879",879,7.25,12.17,8416,10540,131,18
"880",880,11.29,33.4,12246,14980,650,77
"881",881,5.31,16.06,17268,15979,345,43
"882",882,7.04,20.74,10121,18207,236,28
"883",883,10.5,25.4,10268,16967,191,24
"884",884,8.8,26.89,7276,18530,89,13
"885",885,5.11,9.41,5948,12469,108,26
"886",886,6.72,25.18,15524,12226,205,27
"887",887,4.45,9.96,8445,5698,121,18
"888",888,5.91,13.27,14849,8161,477,118
"889",889,9.71,29.82,19430,11367,921,278
"890",890,4.21,7.58,13266,15599,177,61
"891",891,2.1,7.16,18018,7891,255,30
"892",892,4.11,9.83,15953,15573,478,122
"893",893,6.52,15.88,18410,16236,437,55
"894",894,6.22,13.51,5076,14001,406,82
"895",895,9.35,33.54,7991,17272,103,20
"896",896,5.17,20.59,7482,16451,168,61
"897",897,8.57,33.95,7565,12421,90,9
"898",898,7.7,18.9,9499,13561,321,54
"899",899,3.98,8.05,18060,7378,352,111
"900",900,8.02,22.8,15331,13381,257,31
"901",901,7.26,24.87,18884,13792,289,133
"902",902,5.38,16.94,19162,19823,225,81
"903",903,8.41,30.11,10614,5432,155,20
"904",904,4.04,9.85,10840,16916,907,148
"905",905,4.39,6.67,14977,14564,241,53
"906",906,7.55,16.8,13012,6233,150,36
"907",907,2.24,5.07,9141,9952,266,45
"908",908,5.21,15.44,10555,5526,263,105
"909",909,4.28,15.77,9107,12945,119,51
"910",910,4.99,9.5,13194,9926,1128,318
"911",911,5.73,13.06,7387,14502,74,10
"912",912,5.79,11.57,13651,17140,290,54
"913",913,3.18,9.33,8456,13464,104,51
"914",914,4.94,14.95,15753,12551,324,120
"915",915,4.4,16.97,9043,5781,181,51
"916",916,4.45,8.14,14868,8074,261,48
"917",917,6.12,14.79,19427,19977,328,130
"918",918,3.76,10.78,19284,10969,226,52
"919",919,2.48,4.79,15586,10082,262,36
"920",920,4.04,6.81,14111,11630,146,17
"921",921,7.31,23.61,15147,12435,197,26
"922",922,4.58,7.94,7384,16515,115,44
"923",923,4.3,8.04,8366,19982,139,14
"924",924,7.31,24.12,15120,17529,194,49
"925",925,9.79,17.3,8666,18314,281,90
"926",926,8.13,23.78,16316,14488,1328,304
"927",927,2.37,5.8,8425,17993,323,68
"928",928,4.63,9.23,11598,7596,819,234
"929",929,1.7,4.21,18516,15832,1532,292
"930",930,5.95,11.06,10781,7492,123,14
"931",931,10.91,21.76,12723,16739,193,22
"932",932,0.07,0.11,15041,7735,172,29
"933",933,4.94,18.39,10750,13862,929,103
"934",934,0.9,3.14,14157,13435,174,19
"935",935,5.34,12.98,14852,15504,208,42
"936",936,3.53,9.96,12477,13282,163,56
"937",937,5.8,15.2,9703,7840,471,95
"938",938,5.68,17.41,5941,17036,60,16
"939",939,5.74,18.8,19213,5931,299,32
"940",940,2.64,10.56,9517,14219,199,26
"941",941,10.7,37.7,15279,18992,176,58
"942",942,11.07,26.78,17922,8667,340,35
"943",943,10.47,20.39,16630,14136,679,73
"944",944,3.08,6.91,10391,6279,335,76
"945",945,5.55,10.61,17710,7188,179,48
"946",946,6.04,15.09,15564,5669,362,50
"947",947,5.64,18.22,12673,19385,169,23
"948",948,2.27,7.73,16469,12065,261,63
"949",949,7.42,17.79,7932,7447,83,20
"950",950,8.2,32.68,9677,12929,348,50
"951",951,5.89,10.96,5628,12641,82,15
"952",952,4.87,10.85,8045,19733,84,9
"953",953,5.47,11.82,19352,12639,269,42
"954",954,3.68,13.54,14827,13016,301,31
"955",955,4.85,13.22,9737,17440,213,28
"956",956,10.22,21.54,6341,11211,71,18
"957",957,3.9,11.25,6030,16681,63,8
"958",958,3.2,9.76,12540,11981,351,68
"959",959,5.05,14.3,12823,13575,1122,171
"960",960,7,11.42,13543,5358,843,149
"961",961,8.85,15.15,13649,10648,770,81
"962",962,0.62,1.64,15180,7845,200,26
"963",963,5.84,9.95,10438,12619,498,64
"964",964,8.82,22.26,18554,15743,469,154
"965",965,1.97,5.6,16892,7788,647,91
"966",966,1.26,4.51,16945,15981,524,66
"967",967,4.77,14.79,14291,16558,179,42
"968",968,6.53,19.67,11675,8455,161,22
"969",969,1.64,2.69,17111,13721,226,27
"970",970,8.78,20.98,5544,16169,209,23
"971",971,7.18,23.99,10774,6896,151,27
"972",972,4.92,18.59,9378,14493,248,60
"973",973,9.29,31.42,14518,7391,175,20
"974",974,6.67,23.86,17912,6828,907,119
"975",975,5.32,13.35,19640,19556,217,28
"976",976,9.26,14.35,5242,18321,257,46
"977",977,8.18,26.85,12920,5819,680,78
"978",978,8.47,18.11,19537,16110,291,36
"979",979,5.14,16.23,12639,17531,387,42
"980",980,6.07,9.25,15680,14654,189,38
"981",981,7.06,11.59,8772,13491,483,236
"982",982,10.68,18.07,16798,19183,186,26
"983",983,9.41,27.98,13095,19301,138,17
"984",984,0.01,0.02,6107,6872,363,80
"985",985,7.67,29.53,5304,18306,58,11
"986",986,8.07,18.33,14675,13137,775,196
"987",987,7.45,23.09,15027,19888,508,139
"988",988,4.57,16.04,10313,18501,568,69
"989",989,4.09,14.28,8247,16867,114,33
"990",990,1.91,3.86,16545,5378,214,31
"991",991,5.05,19.26,16711,14509,457,93
"992",992,3.66,13.76,10678,12750,109,17
"993",993,11.3,40.85,12290,8637,300,53
"994",994,0.58,1.02,15219,6418,1080,311
"995",995,3.72,14.05,13673,7240,168,27
"996",996,6.86,23.63,11135,13872,811,129
"997",997,7.95,21.07,19576,9596,227,44
"998",998,6.5,24.01,12320,10061,245,37
"999",999,7.44,24.42,8469,15597,106,45
"1000",1000,8.29,17.23,17136,16128,180,84
"1001",1001,5.62,21.77,16363,7925,183,44
"1002",1002,8.78,23.19,19098,10995,200,71
"1003",1003,7.38,23.48,17642,16165,196,41
"1004",1004,12.73,39.05,18826,9006,1813,290
"1005",1005,12.62,33.62,14369,18680,210,26
"1006",1006,4.74,17.22,10500,15527,548,161
"1007",1007,11.82,47.03,13874,6721,274,28
"1008",1008,8.24,31.65,9896,8046,310,33
"1009",1009,6.69,13.84,17574,11759,590,59
"1010",1010,7.08,23.44,19719,11477,232,26
"1011",1011,6.7,23.95,5763,13686,162,18
"1012",1012,8.41,17.28,11224,7164,860,207
"1013",1013,2.59,6.07,9117,18978,147,31
"1014",1014,3.38,10.43,7673,6653,217,56
"1015",1015,2.72,10.67,7215,10946,294,33
"1016",1016,1.12,3.77,9866,12440,118,17
"1017",1017,6.35,13.25,10992,13017,202,30
"1018",1018,0.31,0.79,11531,5547,1142,129
"1019",1019,4.38,14.77,19042,19828,1043,254
"1020",1020,5.14,15.17,17058,16378,261,74
"1021",1021,11.37,44.31,15073,17901,1146,416
"1022",1022,8.34,16.45,18509,19077,1515,298
"1023",1023,7.8,15.28,12828,7290,302,34
"1024",1024,6.88,27.46,9269,16435,200,20
"1025",1025,10.63,28.63,10673,14670,587,100
"1026",1026,9.25,29.59,10675,5200,189,28
"1027",1027,9.23,21.75,5370,9401,159,23
"1028",1028,9.45,18.96,14094,11272,399,79
"1029",1029,9.11,17.06,12520,8462,152,17
"1030",1030,7.17,21.75,17558,9047,216,28
"1031",1031,12.25,37.01,15049,12580,159,18
"1032",1032,7.72,14.4,9514,12205,448,165
"1033",1033,3.83,13.8,17198,5816,214,51
"1034",1034,10.09,20.94,14997,17630,231,45
"1035",1035,5.06,14.07,6632,10044,302,53
"1036",1036,9.35,21.71,18221,17646,383,54
"1037",1037,2.98,5.39,12973,6830,222,24
"1038",1038,4.19,13.34,10595,18713,108,13
"1039",1039,5.36,10.01,6105,5577,90,19
"1040",1040,6.82,25.69,17336,18914,278,43
"1041",1041,7.42,14.65,15511,10594,171,19
"1042",1042,8.65,18.71,13160,14574,134,14
"1043",1043,1.1,3.37,13767,10831,304,34
"1044",1044,1.72,6.15,14389,17223,227,40
"1045",1045,6,23.03,13894,5857,172,24
"1046",1046,2.12,6.34,14631,7507,382,140
"1047",1047,2.32,8.57,13014,10786,452,163
"1048",1048,3.35,7.44,11655,18044,176,42
"1049",1049,6.67,25.01,14329,6693,245,28
"1050",1050,7.39,27.04,18821,13111,509,68
"1051",1051,3.93,10.49,8324,9372,146,30
"1052",1052,6.43,19.77,6216,9568,71,10
"1053",1053,7.12,25.93,6164,10389,183,21
"1054",1054,10.69,34.62,13200,9854,152,72
"1055",1055,4.99,8.03,8262,10573,119,19
"1056",1056,3.09,8.13,9822,17383,323,64
"1057",1057,2.45,4.25,15633,11735,484,68
"1058",1058,4.79,15.95,5745,15087,78,9
"1059",1059,6.3,11.04,14264,5241,175,18
"1060",1060,4.19,13.47,17428,5377,447,144
"1061",1061,8.08,15.1,12821,8760,129,24
"1062",1062,6.22,21.65,12441,19372,385,47
"1063",1063,5.28,15.43,16548,14378,779,123
"1064",1064,7.17,16.71,6405,5045,68,8
"1065",1065,6.4,20.66,13715,10966,212,40
"1066",1066,4.53,15.76,12758,19879,400,91
"1067",1067,5.86,14.64,13440,9384,204,51
"1068",1068,7.76,26.79,9213,16381,386,39
"1069",1069,6.35,11.94,16002,13186,218,33
"1070",1070,9.72,23.47,7028,15046,143,16
"1071",1071,6.03,11.66,12063,18117,700,276
"1072",1072,12.35,25.47,5804,14255,164,55
"1073",1073,4.72,18.32,19369,12366,529,64
"1074",1074,12.88,39.58,6215,8776,107,23
"1075",1075,2.26,5.48,9655,7657,112,11
"1076",1076,4.46,8.4,18564,7576,554,222
"1077",1077,12.76,19.78,17280,16490,380,45
"1078",1078,6.45,22.52,8518,6790,283,29
"1079",1079,8.08,22.71,7310,6618,158,17
"1080",1080,8.82,33.58,5523,9782,151,43
"1081",1081,3.87,13.33,14439,9145,159,79
"1082",1082,0.72,1.53,9734,8671,876,117
"1083",1083,9.9,34.81,15359,5460,1231,134
"1084",1084,3.4,6.23,5235,17059,371,60
"1085",1085,2.34,5.36,9144,6318,209,31
"1086",1086,10.17,18.49,16974,7799,263,42
"1087",1087,4.04,14.82,14704,10145,226,25
"1088",1088,8.04,19.81,16377,16433,320,134
"1089",1089,4.82,8.77,15842,8433,588,61
"1090",1090,7.7,20.14,11426,9938,446,66
"1091",1091,4.99,10.53,11694,11671,547,83
"1092",1092,8.4,24.46,8768,13825,459,177
"1093",1093,7.12,13.25,11392,17553,167,30
"1094",1094,5.1,16.98,13380,17327,243,40
"1095",1095,1.19,1.98,6751,19628,283,52
"1096",1096,6.44,10.06,13692,16364,188,44
"1097",1097,3.03,10.78,8130,7648,211,60
"1098",1098,2.7,4.3,16903,19938,210,22
"1099",1099,10.7,41.23,7702,14982,220,28
"1100",1100,8.85,30.16,7886,8517,270,28
"1101",1101,9.27,33.52,13729,10971,193,71
"1102",1102,6.49,13.78,6674,14851,103,21
"1103",1103,9.67,37.03,15539,13655,406,55
"1104",1104,5.09,9.57,17043,13269,250,71
"1105",1105,3.97,6.14,8309,10812,177,49
"1106",1106,3.29,6.17,13499,18383,405,74
"1107",1107,11.23,17.04,8496,9362,108,17
"1108",1108,6.87,16.41,9639,18815,729,304
"1109",1109,7.88,16.07,7452,19610,313,53
"1110",1110,2.38,5.86,16260,12985,211,86
"1111",1111,4.98,8.41,6949,20000,114,13
"1112",1112,3.26,9.54,6911,10904,69,15
"1113",1113,3.31,9.46,8853,6955,107,19
"1114",1114,5.38,8.74,12202,9030,773,116
"1115",1115,7.19,14.95,14299,12245,536,164
"1116",1116,3.85,9.07,11638,6801,144,26
"1117",1117,3.24,7.79,5843,8605,72,7
"1118",1118,6.56,10.27,12827,7630,497,66
"1119",1119,7.2,13.5,14452,11727,274,53
"1120",1120,7.83,23.88,19690,19457,419,61
"1121",1121,7.27,21.05,18921,16365,324,147
"1122",1122,8.19,27.32,9024,17857,203,55
"1123",1123,8.58,21.39,13100,5627,281,47
"1124",1124,10.83,42.23,5989,16986,76,11
"1125",1125,10.76,34.96,19427,17902,330,42
"1126",1126,6.33,19.03,17425,11915,798,206
"1127",1127,9.19,18.95,11978,14991,429,105
"1128",1128,5.08,15.14,19556,9398,378,44
"1129",1129,9.92,20.35,5842,7203,67,18
"1130",1130,5.62,11.32,13482,13160,293,31
"1131",1131,7.79,12.3,19567,19402,218,104
"1132",1132,10.15,21.82,9702,14769,408,45
"1133",1133,8.99,14.92,9425,12465,108,39
"1134",1134,2.27,3.55,8345,10659,806,349
"1135",1135,6.51,25.48,14081,15894,184,20
"1136",1136,11.2,31.97,9207,11030,363,110
"1137",1137,3.72,6.05,17508,11864,213,23
"1138",1138,5.79,12.3,17130,16643,216,72
"1139",1139,5.33,13.94,11962,13875,222,59
"1140",1140,9.27,19.94,10030,14216,254,99
"1141",1141,3.31,11.36,5269,5223,459,47
"1142",1142,6.46,11.62,13951,13498,161,26
"1143",1143,7.42,11.56,19286,17461,262,32
"1144",1144,6.64,18.7,7434,14921,235,61
"1145",1145,5.28,18.78,15403,18040,398,85
"1146",1146,7.65,17.95,13569,17666,152,16
"1147",1147,9.56,35.08,18135,16439,264,56
"1148",1148,6.85,26.8,15964,18667,478,48
"1149",1149,7.31,18.69,15135,18514,314,57
"1150",1150,2.79,6.94,19830,18106,1669,272
"1151",1151,5.29,8.34,9912,13173,286,60
"1152",1152,8,26.86,12019,19167,358,56
"1153",1153,9.38,20.36,8759,15431,163,35
"1154",1154,8.52,17.35,16215,12601,544,242
"1155",1155,6.58,25.95,10922,16409,208,60
"1156",1156,3.66,9.72,10087,10865,125,15
"1157",1157,8.48,16.06,7992,19464,117,23
"1158",1158,5.82,13.69,6970,18116,85,11
"1159",1159,9.61,38.02,15366,5798,281,42
"1160",1160,0.22,0.42,6424,16716,127,29
"1161",1161,8.34,27.55,18215,18900,319,43
"1162",1162,2.37,8.94,13171,5929,167,27
"1163",1163,7.57,14.77,11360,18959,521,96
"1164",1164,5.35,10.78,6595,5186,107,31
"1165",1165,3.71,9.08,8883,9752,216,26
"1166",1166,10.25,20.71,5274,15808,55,27
"1167",1167,0.93,2.39,12256,14881,194,38
"1168",1168,7.77,21.11,7861,12695,131,26
"1169",1169,5.87,22.54,17137,8002,771,108
"1170",1170,1.87,2.93,8317,7288,180,24
"1171",1171,2.32,5.65,7854,18510,103,13
"1172",1172,4.98,8.73,7915,17629,101,13
"1173",1173,7.18,16.8,16160,7708,1101,140
"1174",1174,8.94,25.79,16627,7338,328,33
"1175",1175,8.75,29.78,19592,10957,449,58
"1176",1176,2.66,7.22,12483,10667,281,48
"1177",1177,3.3,9.19,11621,5375,432,160
"1178",1178,6.74,18.18,7430,9241,108,26
"1179",1179,3.64,9.87,8760,13647,110,15
"1180",1180,3.9,13.33,10439,18082,479,66
"1181",1181,6.46,11.32,7885,8734,82,9
"1182",1182,9.28,28.48,15954,19082,495,98
"1183",1183,8.69,25.92,6636,14704,105,20
"1184",1184,6.36,14.29,11375,14457,387,50
"1185",1185,8.37,13.95,10384,15869,178,35
"1186",1186,9.84,39.25,8397,12062,189,24
"1187",1187,10.75,41.14,6681,12694,82,15
"1188",1188,7.05,14.76,6240,14742,99,11
"1189",1189,2.46,9.73,15871,10881,163,17
"1190",1190,5.04,8.64,8574,6233,94,15
"1191",1191,7.56,20.89,12871,14386,410,77
"1192",1192,2.28,6.97,9443,8885,109,29
"1193",1193,10.47,31.61,9668,9336,124,23
"1194",1194,7.78,29.51,18846,17570,468,59
"1195",1195,5.58,17.96,9112,17333,182,23
"1196",1196,8.32,21.81,16826,16124,1035,161
"1197",1197,1.57,3.17,10884,16353,192,41
"1198",1198,2.62,7.75,17397,12107,271,41
"1199",1199,5.25,14.04,5496,5659,84,28
"1200",1200,2.44,4.14,16658,15217,579,62
"1201",1201,4.28,8.84,11856,12043,877,154
"1202",1202,6.33,19.17,17545,11352,369,156
"1203",1203,8.83,24.34,11418,14837,430,50
"1204",1204,5.93,17.18,8302,17080,382,97
"1205",1205,6.09,15.58,9796,14287,181,39
"1206",1206,7.93,15.59,8479,17534,127,44
"1207",1207,6.13,15.24,7847,11649,128,27
"1208",1208,2.96,11.38,13339,8986,1133,118
"1209",1209,4.09,10.54,6029,5740,67,7
"1210",1210,5.06,9.91,13139,18163,232,30
"1211",1211,1.33,2.15,6588,18184,272,43
"1212",1212,8.19,24.09,5788,9545,177,50
"1213",1213,7.55,14.53,5018,15723,164,18
"1214",1214,9.38,23.33,6358,6890,64,7
"1215",1215,3.89,5.99,7829,9270,189,32
"1216",1216,3.53,9.31,11086,12483,120,16
"1217",1217,5.54,11.75,18366,16038,187,20
"1218",1218,3.51,12.71,6826,15003,202,75
"1219",1219,8.72,16.68,5423,16547,90,21
"1220",1220,0.36,1.06,10994,14649,134,26
"1221",1221,4.25,10.06,18639,15219,698,81
"1222",1222,4.28,12.68,5178,16099,69,8
"1223",1223,3.21,6.68,19333,8395,1028,155
"1224",1224,3.55,14.02,9821,10744,156,42
"1225",1225,9.3,29.68,9588,12874,543,111
"1226",1226,7.14,18.67,14445,15293,192,23
"1227",1227,3.73,13.03,10508,12033,566,259
"1228",1228,5.14,9.84,11896,11422,192,62
"1229",1229,9.29,22.1,13437,7679,137,22
"1230",1230,6.92,20.35,5202,18327,81,12
"1231",1231,9.74,30.88,12614,11326,150,23
"1232",1232,3.44,10.09,8309,5141,342,57
"1233",1233,6.46,11.12,6779,11079,324,47
"1234",1234,6.02,12.58,13534,10521,340,99
"1235",1235,5.75,15.26,15785,8395,191,47
"1236",1236,7.31,24.3,9799,15373,852,174
"1237",1237,4.32,13.95,5116,16440,79,34
"1238",1238,5.11,16.65,5194,9858,162,16
"1239",1239,4.52,16.94,12624,7995,532,67
"1240",1240,4.85,8.38,5805,8539,477,51
"1241",1241,8.52,24.64,6775,16231,75,32
"1242",1242,10.05,20.22,17442,18084,360,56
"1243",1243,3.75,9.1,17786,18262,189,37
"1244",1244,3.84,7.73,15647,8667,1157,162
"1245",1245,8.13,23.82,7791,19260,122,52
"1246",1246,9.58,17.85,10957,8816,118,16
"1247",1247,5.89,17.45,9913,10808,921,166
"1248",1248,7.76,27.34,13704,8614,206,21
"1249",1249,1.78,5.68,8663,17501,96,14
"1250",1250,7.29,28.62,17920,8722,188,57
"1251",1251,6.25,22.85,9396,15907,898,328
"1252",1252,4.44,9.06,15714,14222,389,112
"1253",1253,1.37,4.76,9227,11267,525,56
"1254",1254,11.98,32.84,18362,13155,196,36
"1255",1255,11.66,42.33,7408,13511,121,36
"1256",1256,6.35,25.07,11736,10183,156,26
"1257",1257,1.64,4.16,14570,18899,195,27
"1258",1258,7.92,25.89,7432,5282,254,73
"1259",1259,0.88,3.43,11746,6557,479,139
"1260",1260,8.81,19.64,17294,10723,1445,259
"1261",1261,7.61,11.69,5299,19013,205,71
"1262",1262,7.39,22.61,15694,14461,213,72
"1263",1263,7.23,25.74,16709,7066,179,34
"1264",1264,9.8,22.61,15851,17985,185,73
"1265",1265,4.05,8.34,9557,5730,104,45
"1266",1266,2.02,7.63,7752,6053,114,14
"1267",1267,8.12,14.74,19920,7915,265,35
"1268",1268,7.68,28.57,16830,9270,402,62
"1269",1269,2.3,5.74,11228,15548,394,106
"1270",1270,1.72,6.41,8565,8709,91,13
"1271",1271,11.48,25.58,14869,15844,174,56
"1272",1272,5.75,16.27,13847,14502,182,39
"1273",1273,1.22,3.83,18978,16998,1283,161
"1274",1274,3.53,8.47,9141,18206,164,36
"1275",1275,5.37,18.23,7753,5330,514,83
"1276",1276,0.87,2.63,14322,7323,292,59
"1277",1277,7.21,13.26,17041,12544,841,150
"1278",1278,5.48,8.63,8720,11386,821,161
"1279",1279,6.79,21.21,7638,15583,280,31
"1280",1280,6.78,20.88,17072,14169,173,23
"1281",1281,5.46,17.53,9050,12859,97,21
"1282",1282,5.28,16.82,11482,14326,225,82
"1283",1283,3.49,10.08,16282,12116,940,238
"1284",1284,5.03,14.04,6898,17618,288,31
"1285",1285,5.39,15.55,19487,17399,1256,144
"1286",1286,11.96,27.11,8510,18624,110,28
"1287",1287,12.13,28.7,18086,19590,184,22
"1288",1288,7.21,21.11,15890,6201,159,17
"1289",1289,7.53,22.2,17858,7385,744,153
"1290",1290,2.04,5.54,14077,6553,302,39
"1291",1291,1.7,3.46,19561,8863,213,32
"1292",1292,2.48,5.29,5957,19721,113,29
"1293",1293,9.65,24.76,8202,18961,97,14
"1294",1294,11.88,39.29,15494,13581,369,94
"1295",1295,5.55,22.07,11984,16964,130,16
"1296",1296,6.66,21.25,13611,15485,734,293
"1297",1297,2.8,8.77,5206,8072,57,10
"1298",1298,2.5,5.58,17919,5660,275,37
"1299",1299,8.52,33.36,14871,15325,423,55
"1300",1300,6.05,9.36,9084,5381,635,174
"1301",1301,1.07,2.01,15610,10064,197,53
"1302",1302,5.93,13.75,6172,19738,97,13
"1303",1303,10.08,37.12,12827,19089,295,41
"1304",1304,4.59,17.36,14548,17787,258,47
"1305",1305,4.5,7.26,12623,6492,265,30
"1306",1306,3.81,10.28,11127,12343,225,64
"1307",1307,4.18,6.45,11954,19938,131,40
"1308",1308,7.81,22.38,17977,18403,833,158
"1309",1309,3.54,12.12,18240,7501,187,21
"1310",1310,4.65,12.89,7267,19399,82,13
"1311",1311,6.04,10.21,14220,16009,302,52
"1312",1312,7.05,16.24,12020,10254,178,18
"1313",1313,4.83,19.12,6569,8798,137,15
"1314",1314,4.69,7.13,6137,14825,96,17
"1315",1315,11.16,20.71,6334,17852,148,21
"1316",1316,8.68,14.83,10465,11026,278,103
"1317",1317,7.32,18.63,7690,16244,110,17
"1318",1318,1.94,7.21,18502,6746,636,68
"1319",1319,1.86,3.8,9707,8290,285,29
"1320",1320,0.3,0.47,15801,7787,166,37
"1321",1321,6.39,15,16745,5466,1031,123
"1322",1322,5.72,10.9,12743,17543,430,133
"1323",1323,9.05,32.69,9038,15178,174,29
"1324",1324,8.75,33.2,19087,16604,497,143
"1325",1325,3.38,13.26,18331,7583,309,37
"1326",1326,3.92,7.63,18044,15331,990,127
"1327",1327,7.83,16.01,18490,12846,342,50
"1328",1328,5.79,16.82,8553,17885,328,59
"1329",1329,1.96,4.4,16524,11990,337,58
"1330",1330,7.6,23.56,7905,7172,147,40
"1331",1331,9.16,29.09,6678,15803,600,123
"1332",1332,10.39,17.51,16186,16173,299,122
"1333",1333,3.51,12.9,13713,5282,148,33
"1334",1334,3.1,10.14,17376,7834,175,32
"1335",1335,4.98,17.31,19170,6662,519,77
"1336",1336,4.57,7.95,18579,18257,1493,394
"1337",1337,6.14,12.75,11002,6252,115,13
"1338",1338,8.92,15.45,18619,9558,276,54
"1339",1339,4.59,16.28,16177,7147,166,17
"1340",1340,11.04,44.01,16227,10416,187,30
"1341",1341,5.4,10.4,17299,12757,233,26
"1342",1342,2.57,8.54,18443,9298,348,138
"1343",1343,5.76,18.93,5556,5949,135,36
"1344",1344,6.54,17.81,16902,7255,340,36
"1345",1345,11.98,46.56,12622,6580,140,24
"1346",1346,3.85,14.45,18948,5691,303,46
"1347",1347,6.21,22.2,17948,18476,1375,280
"1348",1348,0.19,0.3,7486,16995,126,30
"1349",1349,2.4,8.72,7307,8524,195,20
"1350",1350,3.79,9.01,6153,5893,115,30
"1351",1351,3.8,13.49,18269,17209,404,76
"1352",1352,0.95,1.86,9105,9017,112,22
"1353",1353,9.17,35.33,13597,14888,351,42
"1354",1354,3.79,13.6,17282,7133,232,108
"1355",1355,4.72,7.21,16271,7059,182,32
"1356",1356,9.01,23.94,18741,8852,188,43
"1357",1357,5.23,17.84,10891,7815,147,25
"1358",1358,11.05,19.31,15560,11451,390,120
"1359",1359,5.09,18.97,7546,10359,95,17
"1360",1360,2.18,4.83,12567,15381,439,127
"1361",1361,10.56,35.51,12803,16183,422,52
"1362",1362,8.08,20.51,13934,12133,150,26
"1363",1363,0.63,1.99,11415,10518,118,20
"1364",1364,13.09,31.56,9898,14638,314,51
"1365",1365,9.85,32.74,13750,7517,166,22
"1366",1366,5.39,12.38,18359,17098,689,108
"1367",1367,1.52,5.54,19261,14227,282,33
"1368",1368,10.56,16.14,12051,11835,499,64
"1369",1369,5.39,17.42,7709,5959,346,86
"1370",1370,1.15,3.76,13868,19909,219,26
"1371",1371,4.63,16.69,5056,11985,72,10
"1372",1372,8.3,30.86,13868,6856,195,39
"1373",1373,4.59,8.07,9188,5675,112,12
"1374",1374,2.79,7.67,15463,17816,297,116
"1375",1375,8.28,21.29,11141,5025,262,31
"1376",1376,1.02,2.34,11662,12659,155,21
"1377",1377,1.65,3,8494,5840,373,66
"1378",1378,3.76,10.41,6399,16025,135,17
"1379",1379,9.03,19.2,11498,10829,161,57
"1380",1380,6.42,21.42,15881,14604,316,39
"1381",1381,0.24,0.44,5259,17125,56,23
"1382",1382,11.02,34.49,18668,8009,261,107
"1383",1383,2.95,8.51,8593,10369,98,11
"1384",1384,7.95,13.34,11003,10644,280,33
"1385",1385,4.3,7.06,18426,6404,968,108
"1386",1386,4.92,14.47,12947,13604,310,78
"1387",1387,7.34,13.62,8671,6228,88,14
"1388",1388,0.91,2.59,7192,17706,600,103
"1389",1389,1.98,7.86,8693,9177,112,16
"1390",1390,0.71,1.96,10247,6719,581,61
"1391",1391,7.45,22.07,18506,9544,984,99
"1392",1392,5.83,13.85,7092,10989,93,16
"1393",1393,6.29,12.47,14925,6531,236,46
"1394",1394,3.07,7.27,6022,5791,64,7
"1395",1395,0.82,1.96,12019,17642,158,23
"1396",1396,3.56,9.35,7061,14136,553,60
"1397",1397,6.61,16.31,17894,11528,558,106
"1398",1398,7.31,28.3,16269,8378,242,67
"1399",1399,7.99,25.41,12596,5761,475,61
"1400",1400,6.35,11.96,10290,9945,132,14
"1401",1401,4.6,11.91,5063,16266,150,22
"1402",1402,8.54,13.94,18339,15044,237,25
"1403",1403,8.32,31.56,10428,14846,105,23
"1404",1404,4.56,7.26,15155,12104,286,77
"1405",1405,5.2,12.86,6541,17468,170,33
"1406",1406,2.75,10.07,9455,7806,269,31
"1407",1407,6.41,13.64,8198,10830,87,9
"1408",1408,5.35,10.5,19052,11950,723,183
"1409",1409,4.2,10.15,14232,11593,1149,348
"1410",1410,9.4,26.45,15749,13250,209,31
"1411",1411,5.76,20.03,15669,6580,500,54
"1412",1412,9.4,25.14,16445,12893,260,34
"1413",1413,13.28,24.21,15519,16550,320,39
"1414",1414,8.25,28.27,16241,12631,308,32
"1415",1415,6.13,10.85,14618,12425,884,262
"1416",1416,8.42,20.5,12713,18259,623,66
"1417",1417,7.51,21.73,17095,11692,282,57
"1418",1418,7.37,25.45,12587,15194,288,30
"1419",1419,4.74,16.22,14445,8294,160,69
"1420",1420,3.9,12.6,9906,16248,110,13
"1421",1421,6.42,11.76,5036,15299,63,8
"1422",1422,7.7,12.12,9819,17688,172,67
"1423",1423,3.14,6.89,11087,15663,113,18
"1424",1424,5.75,22.48,7299,14126,121,12
"1425",1425,9.91,28,17571,14838,300,34
"1426",1426,3.53,9.05,13474,17468,283,30
"1427",1427,3.41,11.93,7943,9990,83,20
"1428",1428,4.36,8.02,16217,9709,560,59
"1429",1429,3.84,10.87,15704,11826,403,118
"1430",1430,9.35,19.04,10435,8136,541,61
"1431",1431,5.06,10.66,14086,12876,143,19
"1432",1432,4.76,11.83,15919,19603,215,48
"1433",1433,0.91,2.35,6039,14918,103,24
"1434",1434,8.31,18.07,10946,6167,375,38
"1435",1435,7.78,18.76,18728,16730,506,54
"1436",1436,5.88,18.12,8994,10192,115,14
"1437",1437,7.17,20.5,14968,5780,698,98
"1438",1438,6.78,23.42,6791,5301,248,28
"1439",1439,8.31,22.54,11203,19896,204,30
"1440",1440,0.45,1,19251,18525,387,116
"1441",1441,7.08,26.44,12145,8264,221,30
"1442",1442,5.4,9.25,15115,7095,419,123
"1443",1443,1.7,4.51,10667,10556,281,45
"1444",1444,4.26,12.66,7216,14981,78,12
"1445",1445,2.48,7.9,9325,12229,99,11
"1446",1446,5.96,20.93,14678,5590,263,101
"1447",1447,8,12.71,17370,11329,251,116
"1448",1448,7.89,14.11,11022,15828,118,39
"1449",1449,6.19,10.06,8316,17277,102,11
"1450",1450,10.01,33.71,11467,17056,168,25
"1451",1451,7.99,25.73,17260,15513,286,33
"1452",1452,11.32,19.03,10346,19500,129,28
"1453",1453,1.55,3.69,14188,15631,245,31
"1454",1454,5.03,16.28,5503,18442,199,27
"1455",1455,2.58,4.39,14135,15365,235,91
"1456",1456,8,14.36,7070,9762,87,20
"1457",1457,1.03,3.22,16784,12603,206,51
"1458",1458,5.7,21.96,19541,18551,215,40
"1459",1459,5.22,17.71,17748,14237,635,104
"1460",1460,9.73,31.35,7464,17186,77,8
"1461",1461,4.91,11.94,19470,17767,1006,103
"1462",1462,6.44,20.3,7970,16471,102,12
"1463",1463,6.88,25.76,19586,8405,259,88
"1464",1464,9.17,24.38,6247,19341,70,8
"1465",1465,5.78,10.52,18912,11321,213,22
"1466",1466,4.17,7.6,18738,13244,1363,177
"1467",1467,7.67,29.07,8893,13084,421,115
"1468",1468,7.33,12.1,14626,5550,248,40
"1469",1469,4.91,10.15,9029,5661,118,53
"1470",1470,6.51,18.67,12168,14629,132,18
"1471",1471,10.19,30.34,15799,19381,175,18
"1472",1472,3.29,8.03,12924,14126,143,29
"1473",1473,4.03,6.22,17631,17456,276,58
"1474",1474,3.26,8.1,12179,8124,167,27
"1475",1475,4.62,6.97,5681,9912,62,14
"1476",1476,5.58,22.23,12453,14848,270,29
"1477",1477,3.88,14.79,8564,6535,104,14
"1478",1478,6.99,22.42,9935,12088,139,21
"1479",1479,7.38,20.66,16972,15740,550,63
"1480",1480,9.62,30.81,6617,7605,189,19
"1481",1481,3.3,5.83,12677,13065,455,54
"1482",1482,4.69,17.27,17673,9688,335,39
"1483",1483,10.82,33.2,15963,18142,189,20
"1484",1484,1.03,3.27,14327,18534,556,89
"1485",1485,10.35,19.71,5205,7663,271,50
"1486",1486,5.11,12.4,18781,15509,394,58
"1487",1487,6.07,21.2,15023,7141,198,93
"1488",1488,4.98,7.94,9113,8201,678,90
"1489",1489,6.67,21.34,8512,17986,293,37
"1490",1490,11.4,18.44,6871,16813,70,7
"1491",1491,6.65,20.36,11054,17641,174,28
"1492",1492,7.27,22.67,6173,8540,85,10
"1493",1493,9.75,25.7,19085,19985,287,51
"1494",1494,5.24,8.6,6635,10738,81,13
"1495",1495,4.33,11.99,17385,17673,209,21
"1496",1496,5.41,13.62,18001,15415,353,61
"1497",1497,4.38,14.08,16064,5969,230,100
"1498",1498,6.83,21.32,15137,10987,264,71
"1499",1499,5.46,10.79,6484,5976,236,27
"1500",1500,9.53,36.24,9781,11188,184,18
"1501",1501,5.72,16.36,7054,18232,79,11
"1502",1502,8.32,16.23,8303,12033,174,17
"1503",1503,5.8,22.26,5796,17227,176,24
"1504",1504,7.91,20.18,9327,13966,206,42
"1505",1505,3.08,5.43,12175,16344,162,19
"1506",1506,9.26,17.9,10569,14613,113,21
"1507",1507,3.31,8.73,19892,14475,218,26
"1508",1508,1.64,3.97,13176,17971,403,90
"1509",1509,4.1,11.65,7046,16123,73,20
"1510",1510,8.28,17.38,5141,7682,53,8
"1511",1511,1.18,3.88,8122,12256,100,13
"1512",1512,8.74,27.8,7462,7993,637,141
"1513",1513,7.57,12.92,17486,6335,289,113
"1514",1514,10.55,24.2,12512,14833,514,66
"1515",1515,3.18,12.39,10516,12705,218,25
"1516",1516,4.49,14.7,9750,15545,186,41
"1517",1517,1.68,5.04,15258,18353,237,31
"1518",1518,1.36,2.74,13943,12869,290,34
"1519",1519,6.88,17.92,18624,5258,187,35
"1520",1520,8.48,23.11,13214,10814,160,25
"1521",1521,6.52,25.61,9179,6505,309,36
"1522",1522,11.2,38.36,19816,17853,483,67
"1523",1523,1.56,4.86,10817,8171,197,24
"1524",1524,4.09,9.55,8634,10755,123,16
"1525",1525,13.13,49.83,14753,12515,385,42
"1526",1526,4.31,9.42,17374,6453,205,47
"1527",1527,7.83,12.8,14109,6830,1021,148
"1528",1528,7.55,19.73,11340,6476,386,84
"1529",1529,8.5,31.45,14953,10249,203,33
"1530",1530,3.95,14.61,17480,15534,231,25
"1531",1531,0.31,0.53,8392,5895,191,21
"1532",1532,8.05,29.73,8928,9015,254,42
"1533",1533,9.97,39.58,12790,14126,151,21
"1534",1534,4.38,10.37,12743,10029,924,202
"1535",1535,8.76,16.75,5147,9132,287,39
"1536",1536,0.76,2.95,18831,17801,994,105
"1537",1537,4.67,15.91,10052,10720,108,23
"1538",1538,9.09,25.94,12468,7970,216,30
"1539",1539,1.32,4.72,17234,9289,181,20
"1540",1540,1.84,6.97,6846,11797,168,29
"1541",1541,4.03,8.65,14023,17093,245,25
"1542",1542,7.89,29.37,13778,9231,214,94
"1543",1543,7.28,12.1,16642,18289,227,57
"1544",1544,3.68,12.72,18173,9771,655,306
"1545",1545,7.3,27.55,8545,12609,107,46
"1546",1546,5.26,12.98,15978,9987,208,47
"1547",1547,4.11,14.41,10486,16622,138,17
"1548",1548,4.49,9.08,11366,19352,256,39
"1549",1549,10.52,35.5,8263,13350,701,316
"1550",1550,0.89,2.78,9303,17230,138,21
"1551",1551,5.05,10.15,9714,7674,191,21
"1552",1552,3.1,11.05,7814,18288,278,80
"1553",1553,4.84,12.86,8251,8349,198,27
"1554",1554,5.82,8.97,11309,13400,147,16
"1555",1555,7.23,21.82,14454,19933,228,43
"1556",1556,10.39,33.79,6673,19711,69,17
"1557",1557,5.94,12.25,12724,6325,243,35
"1558",1558,7.54,16.86,18519,17887,358,134
"1559",1559,7.55,28.65,9447,9444,97,26
"1560",1560,1.95,7,11163,18889,121,24
"1561",1561,6.07,13.27,19677,17233,713,109
"1562",1562,1.14,2.17,6639,9205,76,8
"1563",1563,4.99,18.43,9022,8336,137,15
"1564",1564,9.47,34.91,10059,7966,155,30
"1565",1565,6.18,20.46,7841,8954,171,23
"1566",1566,6.72,25.17,6105,12243,82,12
"1567",1567,5.04,10.21,7044,14668,85,32
"1568",1568,9.34,32.71,11521,5127,159,24
"1569",1569,6.47,10.55,10646,14306,176,46
"1570",1570,1.05,3.58,15818,11955,191,30
"1571",1571,8.89,17.88,10190,8146,133,59
"1572",1572,8.77,28.54,12164,5585,760,174
"1573",1573,8.84,34.92,14797,18547,195,23
"1574",1574,1.65,4.41,5018,15682,61,17
"1575",1575,3.03,11.44,13717,16337,164,20
"1576",1576,8.45,23.14,8628,16840,117,33
"1577",1577,4.6,11.96,13781,14130,361,135
"1578",1578,3.86,14.07,9420,7298,435,122
"1579",1579,10.07,26.26,19141,15528,240,53
"1580",1580,8.98,23.14,11895,5002,211,39
"1581",1581,7.7,23.59,18746,13659,1653,230
"1582",1582,7.28,15.59,13179,18218,620,79
"1583",1583,10.34,26.85,7698,8485,103,47
"1584",1584,5.5,10.55,11286,5481,181,41
"1585",1585,2.2,4.8,11621,5394,334,40
"1586",1586,2.32,5.14,16291,5720,570,156
"1587",1587,11.51,30.9,10834,19181,132,37
"1588",1588,3.66,11.33,7164,18534,97,15
"1589",1589,6.6,9.94,12253,19291,195,62
"1590",1590,6.11,9.75,16769,6390,186,26
"1591",1591,9.04,15.99,19960,18549,1075,450
"1592",1592,7.56,13.08,11638,13386,499,74
"1593",1593,4.64,12.33,17607,9708,440,45
"1594",1594,3.22,5.47,5808,9299,451,48
"1595",1595,4.04,11.15,18099,9324,431,115
"1596",1596,9.21,32.03,18611,12860,223,94
"1597",1597,3.57,7.64,13491,12661,135,35
"1598",1598,6.37,24.86,7867,6990,374,79
"1599",1599,8.64,32.99,11025,19095,122,24
"1600",1600,7.93,20.6,9614,8436,168,52
"1601",1601,7.71,30.78,18292,17814,184,77
"1602",1602,2.48,9.02,13530,14742,146,30
"1603",1603,6.5,12.28,9914,18220,215,22
"1604",1604,4.51,18.03,17530,10384,204,24
"1605",1605,11.91,36.48,9421,10832,714,146
"1606",1606,7.25,20.97,7652,8416,142,18
"1607",1607,6.94,17.61,18272,7241,317,60
"1608",1608,4.66,10.32,8755,6762,354,71
"1609",1609,7.65,23.84,12412,8997,1041,141
"1610",1610,2.07,7.8,11851,12055,136,37
"1611",1611,5.5,8.41,10647,12889,147,16
"1612",1612,2.7,6.8,7488,10612,82,27
"1613",1613,2.97,10.02,12529,5943,205,41
"1614",1614,5.68,8.8,8128,18463,91,21
"1615",1615,10.13,16.57,6784,5666,618,185
"1616",1616,1.89,3.51,14345,9236,173,37
"1617",1617,5.16,18.97,6769,13480,112,49
"1618",1618,5.73,21.42,6826,13061,138,35
"1619",1619,0.8,1.48,18954,11696,1178,292
"1620",1620,6.59,11.19,10268,7201,120,19
"1621",1621,10.54,25.35,9776,8925,102,31
"1622",1622,13.92,54.16,12725,13460,593,73
"1623",1623,4.38,7.05,13589,14816,325,55
"1624",1624,8.28,33.11,14023,19230,250,36
"1625",1625,4.33,15.51,12685,5447,660,69
"1626",1626,8.22,18.29,18860,15502,560,59
"1627",1627,6.65,23.48,18292,17248,265,87
"1628",1628,9.47,20,19011,7958,212,42
"1629",1629,9.19,33.26,5323,15683,76,14
"1630",1630,5.91,18.82,18591,17959,234,29
"1631",1631,5.78,20.17,15174,16027,555,144
"1632",1632,7.1,22.07,11773,5298,708,145
"1633",1633,6.19,20.91,14135,6934,540,63
"1634",1634,3.38,10.26,9093,8674,210,81
"1635",1635,8.21,32.75,15410,8794,218,26
"1636",1636,2.19,6.42,6978,6782,168,18
"1637",1637,6.84,13.01,16489,7969,210,88
"1638",1638,5.77,9.21,16224,18906,282,41
"1639",1639,3.42,9,14131,15734,463,55
"1640",1640,6.87,13.24,6454,17132,84,11
"1641",1641,6.04,10.26,11772,19235,171,27
"1642",1642,4.67,15.85,13612,13545,201,28
"1643",1643,4.43,17.66,15437,18774,638,104
"1644",1644,0.62,1.65,18627,8865,251,89
"1645",1645,10.92,19.76,18558,16942,487,56
"1646",1646,4.54,11.68,17110,18967,329,43
"1647",1647,6.43,13.02,5755,16410,61,11
"1648",1648,1.05,2.58,6572,7741,394,66
"1649",1649,7.4,12.28,10487,13673,126,16
"1650",1650,11.12,43.85,11500,9303,322,34
"1651",1651,5.65,21.98,13196,9297,161,19
"1652",1652,7.11,19.72,7865,9856,83,12
"1653",1653,4.47,7.93,17965,19963,377,46
"1654",1654,6.37,22.28,13183,9484,244,30
"1655",1655,4.49,17.73,9518,16737,547,214
"1656",1656,12.56,28.21,19983,8548,316,44
"1657",1657,6.27,10.44,19163,8234,195,20
"1658",1658,6.75,17.73,7438,13720,79,38
"1659",1659,1.71,2.7,13746,5996,211,52
"1660",1660,6.29,13.48,15316,8249,645,182
"1661",1661,2.85,10.91,8203,16868,426,60
"1662",1662,5.53,14.1,6204,15694,182,36
"1663",1663,6.14,17.05,8624,12216,130,14
"1664",1664,5.7,18.17,18691,14390,779,387
"1665",1665,5.66,20.34,8135,10378,156,19
"1666",1666,14.15,37.91,11634,6747,508,52
"1667",1667,9.2,35.04,10483,13988,146,33
"1668",1668,3.96,8.73,17543,13445,385,61
"1669",1669,7.14,27.4,13454,17806,440,46
"1670",1670,13.05,41.06,15937,9801,314,39
"1671",1671,9.24,29.87,18441,7943,204,27
"1672",1672,4.66,12.88,7971,8343,209,52
"1673",1673,4.66,11.36,14377,7013,174,31
"1674",1674,8.19,30.84,9947,6861,274,102
"1675",1675,1.5,5.36,8333,10639,122,27
"1676",1676,5.8,17.22,9787,13084,351,39
"1677",1677,1.94,7.72,13092,11914,215,41
"1678",1678,7.84,18.5,12644,13158,336,60
"1679",1679,4.13,10.41,7394,15254,78,10
"1680",1680,7.03,16.4,14656,10950,178,53
"1681",1681,3.49,5.42,8462,11556,211,66
"1682",1682,8.19,17.61,14885,18599,395,46
"1683",1683,4.9,14.85,10287,8012,106,11
"1684",1684,5.12,12.55,10720,16117,195,41
"1685",1685,7.26,21.23,18827,12923,319,45
"1686",1686,13.67,49.99,12784,10781,199,23
"1687",1687,7.39,29.48,5736,16592,104,22
"1688",1688,10.09,39.26,10951,7319,116,18
"1689",1689,7.46,25.24,8642,6508,518,195
"1690",1690,3.42,7.49,14291,7059,369,159
"1691",1691,6.35,19.12,18410,5324,663,185
"1692",1692,6.95,13.05,16872,12463,534,111
"1693",1693,6.74,24.33,18795,6292,403,47
"1694",1694,5.83,22.92,15609,7952,482,72
"1695",1695,4.29,15.07,5895,19055,86,14
"1696",1696,6.92,19.8,19319,12650,338,129
"1697",1697,5.35,20.24,9660,14071,98,12
"1698",1698,5.24,10.76,17368,16402,1663,168
"1699",1699,1.13,4.24,14744,18807,337,61
"1700",1700,9.25,20.38,8157,18541,469,91
"1701",1701,2.86,7.37,18508,16440,518,71
"1702",1702,4.95,12.47,18832,8671,483,75
"1703",1703,4.27,10.54,12644,17338,516,79
"1704",1704,7.22,18.62,14768,7875,170,45
"1705",1705,4.3,11.69,10056,12571,162,23
"1706",1706,7.4,12.47,18487,18032,460,101
"1707",1707,5.01,14.13,17724,13874,193,80
"1708",1708,8.02,12.3,13628,15556,261,30
"1709",1709,2.89,4.42,11557,11260,133,18
"1710",1710,2.87,6.88,10182,17893,204,37
"1711",1711,0.78,2.76,18573,15873,360,97
"1712",1712,3.61,11.12,11376,14167,144,68
"1713",1713,7.17,28.56,12996,6856,151,36
"1714",1714,6.12,11.38,7574,7931,99,11
"1715",1715,4.05,13.91,6150,15369,171,45
"1716",1716,5.12,8.78,10301,10033,882,103
"1717",1717,6.22,11.98,19859,15282,237,29
"1718",1718,2.48,5.95,16844,11524,183,27
"1719",1719,7.12,19.06,11917,13921,811,112
"1720",1720,9.31,16.82,18930,11577,199,59
"1721",1721,8.54,33.87,8404,13873,181,51
"1722",1722,8.94,15.56,9833,11456,256,61
"1723",1723,8.31,30.76,13015,18495,355,75
"1724",1724,1.64,3.12,6250,10153,97,15
"1725",1725,3.66,8.14,18042,7238,977,485
"1726",1726,7.38,13.22,6324,17166,106,28
"1727",1727,5.47,18.48,7528,10743,86,27
"1728",1728,9.61,14.44,12193,19624,232,23
"1729",1729,1.93,7.45,17981,10371,214,32
"1730",1730,6.92,21.83,13316,16852,146,32
"1731",1731,9.19,16.28,17038,17038,337,57
"1732",1732,6.98,22.36,17172,14551,638,132
"1733",1733,11.39,32.87,9626,6771,131,31
"1734",1734,9.59,31.86,9624,7054,268,78
"1735",1735,4.79,18.08,8841,10896,168,20
"1736",1736,5.25,9.07,11540,18932,212,25
"1737",1737,4.07,12.05,16833,6448,229,41
"1738",1738,6.85,13.87,15853,19217,255,47
"1739",1739,9.17,19.31,16652,12954,184,70
"1740",1740,5.68,18.27,18149,9674,283,29
"1741",1741,4.88,18.42,7040,7258,175,18
"1742",1742,6.31,19.56,5623,7138,71,15
"1743",1743,6.07,11.36,12374,15018,226,52
"1744",1744,5.85,10.89,9221,11524,126,24
"1745",1745,9.74,19.39,9308,10967,164,71
"1746",1746,5.04,12.53,8953,8626,604,76
"1747",1747,4.08,15.58,9025,13303,108,11
"1748",1748,5.03,16.17,17499,14043,327,36
"1749",1749,3.8,14.93,14182,19457,711,79
"1750",1750,5.24,16.97,10899,18883,114,15
"1751",1751,9.99,18.4,8968,16852,186,39
"1752",1752,7.04,19.06,10156,19799,162,49
"1753",1753,6.28,24.4,10947,5146,306,44
"1754",1754,5.68,21.64,11428,10681,213,90
"1755",1755,6.68,23.34,13535,16961,191,25
"1756",1756,4.9,17.53,19507,9944,346,68
"1757",1757,11.19,31.03,7067,13800,94,10
"1758",1758,6.34,17.45,13802,18111,1030,230
"1759",1759,3.92,13.96,10488,19648,395,47
"1760",1760,4.71,15.87,11518,16487,117,43
"1761",1761,0.12,0.33,18402,18711,234,38
"1762",1762,4.31,10,9788,5132,105,16
"1763",1763,3.22,5.32,18899,17316,238,36
"1764",1764,8.14,14.3,17157,17366,585,204
"1765",1765,4.43,12.54,12230,15464,745,118
"1766",1766,1.45,3.61,6018,9821,87,14
"1767",1767,0.42,0.88,11916,8301,312,41
"1768",1768,8.36,14.32,5059,12248,59,11
"1769",1769,3.59,11.87,19930,18549,211,45
"1770",1770,2.87,6.27,17158,12542,217,34
"1771",1771,4.11,16.2,10248,7884,141,16
"1772",1772,2.99,11.04,18681,17385,495,103
"1773",1773,1.84,3.07,12746,14863,139,62
"1774",1774,2.4,7.86,9561,15926,102,14
"1775",1775,8.68,25.99,17311,11323,245,36
"1776",1776,3.03,5.95,6755,16878,323,48
"1777",1777,2.58,6.44,16706,13922,231,31
"1778",1778,6.84,13.96,15960,7448,187,22
"1779",1779,12.27,33.75,8421,5974,478,94
"1780",1780,7.89,11.98,14700,10563,819,117
"1781",1781,4.38,8.11,17837,17728,187,25
"1782",1782,7.52,24.46,17047,18453,794,100
"1783",1783,4.04,13.27,8625,10000,98,11
"1784",1784,6.29,19.37,18845,9549,792,98
"1785",1785,5.83,12.09,15826,5404,645,190
"1786",1786,4.2,8.48,9718,19369,217,36
"1787",1787,5.6,14.36,16867,14483,533,143
"1788",1788,7.88,12,16713,5068,365,50
"1789",1789,4.53,16.7,13789,7776,375,56
"1790",1790,3.85,8.91,16466,12219,224,70
"1791",1791,10.83,23.28,13632,8441,261,38
"1792",1792,8.65,23.53,12939,5201,376,46
"1793",1793,1.6,4.87,8617,10948,91,14
"1794",1794,7.18,23.9,15790,19483,186,60
"1795",1795,10.76,39.39,18392,15191,285,45
"1796",1796,6.74,11.25,5924,8759,63,9
"1797",1797,4.72,7.39,7067,16909,199,22
"1798",1798,7.92,12.01,10702,11293,268,42
"1799",1799,6.34,20.83,11462,6315,196,72
"1800",1800,6.75,17.92,5480,14783,55,17
"1801",1801,6.64,16.47,15309,13313,359,41
"1802",1802,9.25,21.75,9139,9986,340,40
"1803",1803,6.4,25.4,14157,8623,265,31
"1804",1804,10.52,40.65,18600,19278,1079,136
"1805",1805,3.26,9.47,8355,7515,91,11
"1806",1806,4.91,15.29,6679,8192,257,26
"1807",1807,14.15,23.83,14834,9621,402,137
"1808",1808,9.72,23.31,12736,19233,350,37
"1809",1809,7.18,17.11,12489,9173,649,90
"1810",1810,1.15,3.5,12080,14490,201,21
"1811",1811,4.98,14.44,5228,13181,241,46
"1812",1812,0.46,0.99,11039,17834,238,104
"1813",1813,1.78,3.58,14331,12613,219,33
"1814",1814,2.98,8.01,8718,13339,238,57
"1815",1815,2.24,6.71,16974,15204,417,89
"1816",1816,3.42,8.14,16414,13091,251,40
"1817",1817,7.65,26.12,14746,6045,205,30
"1818",1818,5.78,21.09,6145,6386,62,7
"1819",1819,3.34,5.04,14711,19267,1470,213
"1820",1820,6.87,12.18,9989,7151,149,29
"1821",1821,5.11,11.26,16267,6831,223,41
"1822",1822,0.77,1.7,19577,6367,322,43
"1823",1823,5.95,9.53,16545,6931,307,121
"1824",1824,6.4,13.07,5393,19808,95,13
"1825",1825,6.08,13.06,17473,10905,220,60
"1826",1826,15.71,52.13,8178,15465,111,24
"1827",1827,9.01,29.64,16160,16375,177,59
"1828",1828,0.96,3.6,6307,8213,106,12
"1829",1829,4.46,12.78,10524,7764,242,26
"1830",1830,9.78,25.95,12059,18949,121,19
"1831",1831,10.2,15.87,14121,7423,280,51
"1832",1832,2.2,4.24,17605,10165,1223,127
"1833",1833,5.69,14.01,6658,13183,198,25
"1834",1834,5.93,20.46,11874,7582,129,38
"1835",1835,0.66,2.58,5134,5563,55,7
"1836",1836,7.84,30.41,11430,5475,460,47
"1837",1837,0.97,2.92,7450,17559,193,33
"1838",1838,6.42,23.46,9605,15349,109,16
"1839",1839,5.87,17.17,18929,6192,277,100
"1840",1840,4.07,9.62,7827,14962,110,19
"1841",1841,1.1,3.56,9877,9896,127,36
"1842",1842,3.25,12.54,6235,12048,104,11
"1843",1843,10.1,27.71,8402,6177,298,79
"1844",1844,7.99,12.08,12577,14951,221,42
"1845",1845,5.69,15.36,7413,14276,88,10
"1846",1846,3.84,5.79,11339,18659,463,81
"1847",1847,8.55,28.68,15505,5327,180,22
"1848",1848,6.74,20.37,5999,6766,63,13
"1849",1849,6.47,25.85,14729,12632,166,27
"1850",1850,12.19,34.44,14466,10206,151,34
"1851",1851,15.13,24.3,8998,16280,231,28
"1852",1852,4.82,13.44,5737,13110,78,14
"1853",1853,0.86,2.81,12742,11395,322,34
"1854",1854,5.72,11.12,10080,15338,284,90
"1855",1855,4.36,11.52,15532,15960,338,45
"1856",1856,4.04,13.68,14374,11993,183,43
"1857",1857,7.02,25.16,8613,16308,436,54
"1858",1858,2.4,6.14,10451,15919,127,26
"1859",1859,5.59,10.62,8100,16323,118,25
"1860",1860,4.54,15.8,6031,10270,72,10
"1861",1861,0.43,1.11,18825,16189,272,39
"1862",1862,7.42,13.61,12659,14115,511,227
"1863",1863,3.02,10.87,16158,19716,227,54
"1864",1864,5.35,8.23,10793,6582,304,35
"1865",1865,2.85,4.74,11173,17669,500,98
"1866",1866,6.1,16.57,10382,6180,225,44
"1867",1867,1.18,2.53,16126,14002,529,73
"1868",1868,0.14,0.46,17568,11383,300,81
"1869",1869,6.79,13.3,9256,10207,116,15
"1870",1870,2.79,10.93,15699,19478,166,35
"1871",1871,8.61,14.59,19516,7841,1589,179
"1872",1872,12,24.61,10886,11517,160,62
"1873",1873,10.16,18.51,19509,12800,235,26
"1874",1874,7.08,15.41,13081,11208,412,103
"1875",1875,8.77,21.49,14146,7896,226,48
"1876",1876,6.9,16.07,13259,12900,526,96
"1877",1877,4.21,12.1,5144,13040,166,21
"1878",1878,7.2,23.43,7843,11052,130,14
"1879",1879,7.54,17.46,11772,9045,213,34
"1880",1880,8.59,32.1,13667,16366,310,37
"1881",1881,9,24.57,13929,10560,1358,170
"1882",1882,4.83,11.81,5707,18725,66,10
"1883",1883,9.74,17.58,8587,19909,167,74
"1884",1884,9.4,17.21,9185,6539,150,24
"1885",1885,7.9,31.22,12205,15329,125,19
"1886",1886,8.09,31.12,16024,19924,180,34
"1887",1887,8.44,28.83,18339,14174,184,61
"1888",1888,6.7,24.93,11552,12593,226,24
"1889",1889,6.52,24.53,19476,7574,676,116
"1890",1890,2.59,9.89,17070,13708,210,54
"1891",1891,3.29,4.96,6355,14156,76,8
"1892",1892,6.84,12.45,18916,16909,372,116
"1893",1893,5.02,14.01,16857,11693,227,26
"1894",1894,5.29,16.94,10340,14074,293,71
"1895",1895,9.59,19.63,13046,15298,132,18
"1896",1896,0.26,0.96,18850,11824,480,90
"1897",1897,11.17,29.84,6264,14318,268,27
"1898",1898,7.4,14.33,14003,16154,188,27
"1899",1899,13.69,42.04,18337,15633,275,41
"1900",1900,5.31,18.28,10484,7484,189,47
"1901",1901,3.87,11,14641,16953,155,24
"1902",1902,3.34,12.4,14598,12917,231,79
"1903",1903,7.53,22.57,9073,7322,118,48
"1904",1904,5.35,8.82,14826,10452,740,97
"1905",1905,3.29,11.29,8050,18703,95,17
"1906",1906,5.8,21.33,14286,10641,180,21
"1907",1907,6.95,11.04,8917,12239,93,12
"1908",1908,2.55,5.53,13433,10995,301,53
"1909",1909,9.73,36.06,18946,6911,273,102
"1910",1910,8.79,14,6439,14366,100,45
"1911",1911,3.63,11.7,15129,17979,186,24
"1912",1912,7.3,28.32,15680,9161,189,28
"1913",1913,7.41,20.85,6276,18326,152,28
"1914",1914,0.94,2.02,12109,19944,132,23
"1915",1915,7.03,17.38,16901,7528,537,64
"1916",1916,3.53,12.41,7849,12239,82,40
"1917",1917,6.26,10.57,13548,11550,166,80
"1918",1918,1.4,5.05,18626,10488,192,53
"1919",1919,8.07,15.65,19141,5244,207,34
"1920",1920,3.86,15.26,12837,19174,165,30
"1921",1921,6.35,23.86,5614,7205,172,25
"1922",1922,2.51,6.25,5599,6320,70,24
"1923",1923,2.97,6.08,8516,10743,98,12
"1924",1924,8.86,14.04,15305,9229,216,52
"1925",1925,2.42,7.57,17698,14218,420,43
"1926",1926,3.05,5.61,7396,13037,205,102
"1927",1927,7.68,29.53,8140,19890,172,21
"1928",1928,6.92,14.61,16998,10406,506,148
"1929",1929,2.02,5.35,12203,17157,166,21
"1930",1930,2.32,7.79,16139,11963,332,47
"1931",1931,5.71,16.85,8060,11719,191,25
"1932",1932,1.59,3.18,6887,17959,82,9
"1933",1933,10.58,34.65,15060,7034,153,29
"1934",1934,8.37,13.77,9773,9362,113,22
"1935",1935,6.94,25.14,11960,10048,526,80
"1936",1936,4.56,13.31,18503,18811,226,23
"1937",1937,4.48,16.61,10151,7438,120,24
"1938",1938,5.32,16.09,11083,18794,129,27
"1939",1939,11.57,42.16,12485,17915,138,34
"1940",1940,12.38,44.43,11450,10370,617,68
"1941",1941,3.77,5.67,17329,7228,544,58
"1942",1942,11.4,20.5,5416,19009,162,29
"1943",1943,7.21,20,9375,17795,167,17
"1944",1944,5.84,15.25,10106,19429,157,35
"1945",1945,12.66,23.45,8777,12608,170,29
"1946",1946,4.3,16.08,8954,18893,117,13
"1947",1947,12.3,37.99,11073,10310,454,53
"1948",1948,0.08,0.28,17918,10765,554,272
"1949",1949,1.66,3.07,15269,10870,180,86
"1950",1950,10.84,31.97,18332,12645,824,86
"1951",1951,4.56,10.96,15978,19609,168,24
"1952",1952,9.85,23.93,15226,6219,553,116
"1953",1953,7.06,22.59,6327,5556,74,25
"1954",1954,3.37,10.05,18908,11471,462,50
"1955",1955,6.11,22.62,15629,6412,280,43
"1956",1956,7.91,21.51,6150,9901,94,20
"1957",1957,3.06,9.42,18839,12199,880,201
"1958",1958,6.13,22.54,19611,16738,307,64
"1959",1959,4.34,15.83,9802,12659,812,193
"1960",1960,2.14,3.82,14892,17805,624,82
"1961",1961,4.48,7.41,8256,12354,101,39
"1962",1962,4.11,7.79,19468,10880,724,122
"1963",1963,3.36,9.9,18828,18673,1184,257
"1964",1964,5.38,10.8,13432,19990,362,64
"1965",1965,6.88,10.49,16561,18355,273,85
"1966",1966,6.87,27.11,7047,6245,93,15
"1967",1967,7.67,24.42,18640,14540,354,41
"1968",1968,4.21,12.61,18122,15667,660,290
"1969",1969,4.74,10.34,5858,13623,112,12
"1970",1970,7.13,24.56,13936,13560,193,26
"1971",1971,5.47,11.55,11301,15767,216,22
"1972",1972,8.34,17.53,18041,14488,265,44
"1973",1973,0.84,3.16,8624,16819,100,25
"1974",1974,0.62,2.21,8367,10261,323,126
"1975",1975,5.36,19.73,18399,19041,309,35
"1976",1976,5.4,12.61,16227,10264,196,39
"1977",1977,2.04,4.59,6161,10454,195,63
"1978",1978,4.77,9.22,16055,18072,552,58
"1979",1979,6.37,10.17,11915,18114,389,62
"1980",1980,5.54,19.75,17509,11698,869,347
"1981",1981,4.68,11.04,13272,11148,208,23
"1982",1982,6.19,13.44,15372,18454,320,45
"1983",1983,6.11,13.16,14199,10767,817,93
"1984",1984,3.55,13.33,7122,9481,388,149
"1985",1985,8.58,15.9,12972,10556,212,31
"1986",1986,7.77,17.21,17414,14249,288,30
"1987",1987,5.45,13.35,14882,9175,943,335
"1988",1988,1.73,4.44,7782,14525,80,10
"1989",1989,8.18,26.82,15926,5745,212,23
"1990",1990,8.16,12.85,13144,13774,477,73
"1991",1991,3.49,11.4,19322,10180,318,76
"1992",1992,6.94,18.74,8563,17290,178,40
"1993",1993,7.11,12.8,9477,11210,102,19
"1994",1994,0.35,0.57,19267,13513,253,85
"1995",1995,7.42,23.78,18311,5432,211,79
"1996",1996,5.25,11.73,11296,13034,151,57
"1997",1997,7.4,21.73,8692,17393,89,13
"1998",1998,4.9,11.17,19052,8949,1019,134
"1999",1999,5.77,12.54,11246,5744,206,40
"2000",2000,7.32,16.82,12470,8770,226,92
